text,label
[ch-5]，,1
这些筛选出来的官员，,0
大都品级稍低，,0
眼下即是拉入[ch-5]阵营，,0
短期内，,0
也济不了事，,13
[ch-5]十四党新建，,0
除了[ch-0]、[ch-3]、[ch-6]三人，,14
便再无大员，,15
[ch-1]以为，,14
十四党若欲在朝堂与八党,14
哎！,2
爸，,1
咱们去医院看吧。,9
儿臣今天心情有些复杂，,0
想跟母后单独说说话。,9
说呀，,7
说呀！,7
没有密码，,13
可以查阅。,0
三婶，,1
[ch-1]姐姐给没给俺们安排活啊？,3
你去多久跟我没关系。,13
下午四点就到站了。,0
都别吵了，,7
要我说，,14
干脆叫秋名山庄怎么样？,3
送二皇子的姨娘离开吧！,7
我[ch-2]家接待不起这样高贵的人物。,13
嗯，,12
为了让[ch-0]读大学，,14
放弃了自己喜欢的医学，,0
改行去当直播，,0
因为直播更挣钱。,14
都在呢？,3
正好我有个事跟爸商量一下。,0
那也好，,0
咱们现在就走吧！,9
最好就乘坐这只大鸟去，,9
会很快的！,0
没想到现在连来景春茶舍都消费不起了，,13
不过也是，,14
今非昔比了，,0
你也是的，,0
没钱了还来这么贵的地方干嘛，,4
[ch-1]哥，,1
你看要不要看在多年合作的伙伴上帮她掏了。,3
话说回来，,0
人家都是在高处站的久了的人，,0
能让你看出来还得了。,0
额，,1
这。,0
好！,12
我答应！,0
[ch-0]现在怎么样了？,3
来了，,0
看看这像不像她,3
啊，,2
怎么了？,3
不在？,3
[ch-1]老太爷您明鉴啊。,6
呵呵,0
这件事涉及到的隐秘已经超出了我们的想象，,0
也超出了我们的处理能力之外等吧，,0
等龙帝阁下回归，,0
让龙帝阁下定夺至于我们现在收回一切针对百里青锋的行动，,0
以观察为主，,0
并且传令我们光辉帝国所有部门，,7
以及那些皇室子弟，,0
他们为了突破自己的剑道，,0
决战生死。,0
在诗韵九窍玲珑心没有完全觉醒之前，,0
请你保护好诗韵！,6
快，,7
马上再派一批人进酒吧会所，,7
重点寻找有没有什么秘道，,7
他一定在我们之前从秘道里跑了。,0
你不能对我的容貌和身材动心，,13
但可以是我的灵魂、气质、人品。,15
君子曦去了北陵。,0
你以前，,3
是不是很喜欢他？,3
大哥你还没醒吗？,4
怎么了？,3
[ch-0]，,1
这到底是怎么回事啊？,3
恩！,12
县令以捉拿[ch-1]一家为由，,0
加派了人手，,0
在太原府周围设卡，,0
[ch-2]二爷受了伤本就走的不快，,0
这样下去恐怕会被追上。,10
事成之后，,0
我会为你准备好一百个.,8
我试试吧。,9
你姐来电话了，,0
没挂断，,13
等着你去接。,0
不然我就把你送给我那群手下。,14
本官两袖清风、为官清廉，,0
本县百姓，,0
夜不闭户、路不拾遗，,0
民风淳朴、安居乐业。,0
你说的没错，,13
一个人的气运，,0
有高有低，,0
此时此刻我的气运高歌猛涨，,0
但不代表未来就一定能持续下去，,13
我自己也察觉得到，,0
可能最多持续个几百万个时代，,0
就只剩下亿点点了。,15
恩，,12
你能不能多卖一点，,3
我们血库的量不多了，,0
行，,12
行吗？,3
是。,11
我不去求，,13
你放心。,8
来人！,2
那帝兵呢？,3
你想拍摄什么？,3
年初，,0
两家父亲偶然碰面，,0
我爸提起，,0
[ch-0]也欣然同意。,0
哈，,1
[ch-0]，,1
您醒啦，,0
再睡一会吧。,5
只有在[ch-1]先生身上，,14
我见到过这种气势，,0
因为[ch-1]先生是军人出身，,14
可以问问你是怎么做到的？,3
他肯定明白自己的心意。,10
谢谢，,0
我会考虑，,8
我知道，,0
再见。,1
可是要是真的，,14
这种包治瘫痪的药他为啥不拿去申请专利？,4
给医院用，,0
专门跑来摆地摊？,3
死不了。,13
好吧，,12
你解释。,7
是，,11
保证完成任务！,8
俺也一样！,2
你何时有空闲？,3
行，,12
你要学[ch-0]姐当然支持你。,0
不过，,14
这么多菜你想做哪样？,3
我现在把菜谱写下来，,9
让人拍了给你发过去。,7
陛下，,1
臣有一人选！,0
大叔，,1
你不会笑诶，,13
我发现！,0
你妈打电话给你，,0
你赶紧去接一下。,7
可惜什么，,3
怎么，,3
没被选上，,13
这很正常。,0
我还没想好。,13
我不想拍的太简单，,13
也不想应付了事。,13
可是拍电影能力又不够，,14
我想拍一些有意义的东西。,9
假如陪自己去逛庙会的人，,14
是大叔而不是[ch-1]，,0
该多好呀？,2
你能从滚烫的汤水里把这些食物拿出来吗？,3
铁砂掌！,2
师傅那我到时候自己去解释。,1
哎，,2
是。,11
哈哈，,0
额，,1
[ch-0]，,1
您误会了，,0
我不是这个意思，,13
我就说嘛？,3
看你的样子，,0
似乎还没有放弃？,3
随你吧，,9
反正我不打算住家里，,14
我决定住校。,15
木瓜啊,2
那不行，,13
区区一场比赛，,0
怎么就能用全力呢？,4
不加。,13
你想象一下，,7
应该能够把自己身体之中的那些异常能力提取出来。,10
不行。,13
这种事，,0
一刻都不能等。,13
我没事。,0
来，,7
大黄试试有没有毒？,3
哦对了，,1
[ch-0]少爷家那位[ch-1]家大哥，,0
您要见一下吗？,3
大连柳树地区一个礼拜停三次水，,0
理由不断翻新，,0
层出不穷,0
我明天还要加班么？,3
反正我已经没把你当姐姐了。,13
剑界,0
你啊，,1
差一点把大嫂都瞒过去了！,2
这个题目我可以去完成,0
去哪儿？,3
如果说其他人转校可能是为了[ch-1]而来，,14
但是这两人绝对不是。,15
[ch-0]小姐，,1
你对[ch-1]了解得可没我了解得多。,13
别傻乎乎的觉得他是真爱你。,7
如果真爱你，,14
怎么可能莫名其妙的消失这么多年？,4
而且，,14
又怎么可能会答应我结婚的这个忙？,4
这是公平的对决啊！,2
行了，,0
都已经断绝关系了就别说这些烦心话了，,13
程家人不是东西，,13
我们囡囡才不稀得，,13
以后我们家疼着囡囡就是，,0
不需要旁的人来疼。,13
闺女，,1
籽儿呢。,0
我们班子连日奔波，,0
有些劳累，,0
这位壮汉若是有什么事，,14
还请告知，,15
也好让我们早点休息。,15
是，,0
一次扣篮，,0
输掉的人穿着[ch-0]在维多利亚的秘密内衣展上的那套同款内衣，,0
在演播室完成一次扣篮。,0
但是呢，,15
光是这种内容还是有点少，,14
一些小的方面就没太照顾到。,13
那个爸爸，,0
我这一次的第六世，,0
有点与众不同我刚刚出生时，,0
就极为不凡，,0
拥有无限之力，,0
能感知世界波动！,2
他的神魂倒是不错，,0
可以炼出一条上佳的剑灵！,2
所以，,14
你来宁城就是为了找她？,3
急什么呀？,3
前天她可是亲口说的不会画图，,13
而且就她的样子肯定也不会画图。,13
来这里估计是为了找工作，,10
所以不知道从哪儿找人画的设计图糊弄人的。,15
赞美暗日，,0
拥抱暗日。,0
世间一切都将朽化，,0
唯有暗日永存。,15
[ch-0]，,1
这看来是一场因情而起的绑架案。,10
呵，,1
擦汗！,2
我知道你们在看着我，,0
所以，,14
多余的问话就不必了！,13
那可能我用心的时候你没看到过。,10
不好意思，,13
您还没买单。,13
我儿确实成长了不少，,0
你[ch-3]和那位[ch-0]叔、大郎和你[ch-4]，,0
还有[ch-2]家姐姐和[ch-5]，,0
都是不同的人，,0
我儿却总能找到一些话题让他们都参与进来，,0
不让任何一人觉得难受。,13
不，,13
我只是发现了现场还有一个高人，,14
他才是真正的强者！,2
不是，,13
本来我也不用来的，,13
是[ch-1]让我来的。,0
你们家倒好，,0
嫡女庶女区别却是如此之大，,0
竟是让几个庶女穿的都如此缺少体面，,14
连我这个外人都要看不过去。,13
看来此人趁你与那童子大战之后灵力有所消耗，,0
捡了个便宜，,0
还将你伤了。,0
嫂子客气了。,0
行不更名，,13
坐不改姓，,13
[ch-0]。,0
不错，,12
他们确实是你灵族前辈，,0
也是因为那一战，,14
你们灵族才开始走向衰败！,2
我辞职了。,0
咳！,2
[ch-2]，,1
是您打电话给他们的吗？,3
现在，,0
[ch-2]的母亲不是回到国企下属的兵工厂担任高层工作了吗？,4
你可以让你父母也一起过去。,9
你父亲是著名企业家，,0
可以担任管理职务，,0
你母亲也是高级知识分子，,0
跟在[ch-2]母亲[ch-0]身边当助理也不是不行。,13
而你这边，,14
不也在准备弄兵工厂和,4
侥幸,0
呵呵，,1
没错，,0
我是要让京城各族都知道，,0
我[ch-0]家有后，,0
所以我亲自到宁城来，,15
但我不希望在别人的眼里，,15
我的孙子只是一个靠着家族权势而走进他们视线的人！,2
还算监考的有点良心，,0
给了我们喘口气的机会。,0
星星！,1
钠钠，,1
你做什么我都会支持你的。,0
皇上既然留中不发，,14
肯定有他的想法。,15
砰！,0
砰！,0
现在病床紧张，,0
暂时睡这吧。,9
为了[ch-0]的双腿，,14
我就算掏尽家产也在所不惜，,13
何况面子呢。,14
少爷你让我们看什么？,3
强行打开别的世界的大门，,0
将这方天地的邪能引导出去。,0
却不知那[ch-0]会使何计策？,4
嗯，,12
你文静的很。,0
这是[ch-1]的功劳。,0
我也是成年男性了，,0
有喜欢的女人很奇怪吗。,4
我觉得高家庄园就不错！,0
嗯.,12
我都听见了，,0
你小心点，,5
打不过就跑，,0
再想办法。,7
[ch-0]？,3
你出去，,7
我来做。,9
帮我送到膳厅，,6
我去门口看看。,9
对了，,0
飞行员。,0
来了，,0
肯定是炎角的人来了！,10
是。,11
怎么了？,3
是！,11
睡不着吗？,3
你叫什么名字？,3
就算这样又如何，,14
天子犯法与庶民同罪，,0
不管他是谁，,14
我都要调查清楚。,8
不！,13
不光是门！,13
窗户也没有！,13
嘘！,0
这可不是我们该管的事情啊，,13
我们只需要治病救人，,14
知道吧。,0
没有，,13
就是妹妹们一起玩。,0
砰！,0
[ch-1]大夫还年轻，,0
和我一样还在学呢，,0
但他家里有一本前人留下的伤寒集，,15
于伤寒一类的病症上很有见解，,0
[ch-2]大夫呢，,0
哼哼哼，,0
额，,2
[ch-1]爷，,1
你这是看啥呢？,3
都别搁里面缩着了，,7
有什么事啊，,3
不能出来当面说？,3
这枚碧水龙睛丹，,0
是假的。,0
莫不是[ch-1]集团那个美女总裁[ch-2]被你追到手啦？,4
如果荒古文明的人来了，,14
特别是[ch-0]文明副主来了，,14
你们要通知我一声。,15
渴了。,0
但我们基数多，,15
有无限可能。,0
我怎么能这个样子呢。,4
让他进来吧！,7
对了[ch-1]，,12
我记得集团的后勤部缺个保洁员的工作，,0
你现在带他去集团办理一下入职手续，,7
刚好那里有[ch-0]宿舍，,0
直接住宿舍吧！,9
现在整个后宫的人都恨不得她死。,0
依照德妃的妒忌心，,14
还有淑妃的手段，,0
她那边绝对不会好过。,13
[ch-1]，,1
你是哪儿的人啊？,3
那又是何物？,3
我不磕。,13
魔甲龟数量稀少，,0
运输麻烦，,0
很少会出现在城邦赛会，,13
但每一次出现，,15
面对它的队伍必败无疑。,0
一会儿的魔兽战，,0
要在十分钟内战胜魔兽，,0
否则就算失败。,13
魔甲龟本身力大无穷，,0
防御极强，,0
又会水系魔法，,0
唯一的缺点是在陆地上行动缓慢，,0
可一旦缩进龟壳，,14
黑铁,0
有车吗？,3
肯定是他下的暗手。,10
[ch-0]妹妹呀，,1
记住，,7
像我们这种身份的可不是谁都能结交的，,13
你贵为庄少爷的人，,0
就该清楚自己的身份，,15
一些没出息的同学，,0
断了联系对自己有好处，,0
免得受牵连！,2
你家那位三流庄家的少爷呢？,3
躲猫猫好玩吗？,3
是！,11
若是这周天洪荒星辰，,14
每一颗星辰上的星君都是我人族的英雄好汉，,0
让我人族巫神取代那些星神掌控周天，,0
我人族当能成为盘古世界的主人神挡杀神，,15
鬼挡杀鬼，,0
就算是圣,15
啊，,2
[ch-0]先生说，,0
把这个[ch-1]放了，,0
立刻马上。,0
那叫[ch-0]，,0
[ch-0]殿下吧。,9
我找总裁，,0
好像跟你没什么关系啊，,13
另外，,14
我也不是你们集团的人，,13
不管是诸于什么方面，,13
你都没有资格管我！,13
听说是随机抽签，,0
结果好苗子都抽到后面去了。,0
绅士不应该主动上去结盟吗。,4
看样子有点严重，,0
不过他脑子里没淤血，,14
大问题不会有，,13
其实现在这样算好的，,14
你看电梯里另一个病人到现在都没醒，,0
听说有可能成为植物人。,0
老爷，,1
六夫人。,1
是，,11
[ch-1]！,1
灵谷开了，,0
你们听到消息了吗？,3
这也是很多小手机厂商以小博大、蹭热度的惯用手法。,0
这个我们都可以作证，,0
你小时候跟他一样，,0
只不过现在喂的奶，,14
你吃的是鸡蛋羹。,0
我们弹古筝去吧。,9
这世上有很多我不明白的事情,0
也是。,0
你们没试过？,3
怎么知道是假药呢？,3
那你要赌什么？,3
明天去[ch-0]上班吧。,9
一头龙。,0
我喜欢珠宝，,0
也喜欢鉴定工作。,0
[ch-0]老爷子，,1
我可以帮你！,0
好！,12
不用为我们做无畏的牺牲，,7
你们快走。,7
这球应该传给空位,0
是。,11
行。,12
老二、嫣然，,1
你们进来！,7
现在，,0
你可以说出这首曲子的主人了吗？,3
呃，,12
那你谢也谢了我就先走咯,9
如果我们真死了，,14
不要为我们报仇。,13
你们要保证我两个女儿和家人，,5
一辈子平平安安。,0
诶谁啊谁啊？,4
嗯嘿嘿，,12
王爷，,1
您就放一百个心吧！,8
好霸道啊，,2
不不愧是华美集团的[ch-0]董事长，,13
和传闻中的一一模一样。,0
多谢指挥使大人指点，,0
小的也是知道该如何操弄的，,0
明天就派人去附近州县散播消息，,0
就说少华山寨不再劫掠了，,14
只收少许买路钱，,15
只要有几人走通了路，,14
便好说了。,15
匈奴那边，,0
最近[ch-0]杀父而自立，,0
其立足不稳，,0
最近一两年内我大秦必是无忧。,0
唉是。,2
这三种情况，,0
第一种当然最好。,0
但可惜，,15
国家越大，,0
架构越复杂，,0
药到病除的难度就越高。,0
去东林市。,0
大家都在看着你俩，,0
注意点影响。,5
[ch-1]打了谁？,3
呵呵呵。,0
就此别过，,9
老太公保重！,1
这样，,0
是不是很干脆？,3
你不会连自己名字都忘了吧。,4
我闲得无聊，,0
一直保护你？,4
好，,12
那我们进去吧。,9
若是不小心分散了，,14
我们就在这外边儿等。,15
嗯，,12
有问题再联系。,9
怎么样，,3
觉得姐画的如何？,3
[ch-1]先生，,1
到了，,0
就是这里！,2
她被谁带走了？,3
我们会，,0
你现在要去完成任务才能找工具。,0
醒了啊！,2
[ch-0]家这一对龙凤胎都不错，,0
可惜我们家里没有适龄的年青人。,14
像这种人家的孩子，,14
留在幼儿园干嘛呢？,3
只是听说[ch-1]宁肯去当三司使，,14
也不要当枢密副使这是为什么？,13
还不是不能接受屈居于他之下？,4
诸位不久前应该得到过自天阙山那边传来的消息吧？,3
百里青锋可是以一人之力解决了血神殿的威胁，,0
而且他还斩杀了一尊传奇圣灵！,2
我确实不知道。,0
人类的情感我不明白，,13
也不理解。,13
是，,11
老太爷，,1
那少爷今晚搞这么一出，,0
到底是为了什么呢。,3
等庆祝日过去好了，,9
到时候[ch-0]没有给你们道歉，,9
你们再告诉老师也不迟。,13
太子应该知道，,10
人若死了，,14
就什么都做不了了！,15
自古君臣之义深厚，,0
必上下一德相成，,14
始能上感天心，,15
召致和气，,0
不在徒饬虚文，,13
务空名以从事。,7
今当此亢旱之际，,14
我君臣应上下一心，,0
夙夜靡宁，,0
我还在开会呢！,2
这个巷子里面有一只非常凶的流浪狗，,0
你还是不要走这里好。,5
亏我还很期待地在这里遇到高手，,0
没想到啊呵呵，,13
我看宁城拳武发源地这六个字，,0
有名无实啊！,2
[ch-2]，,1
我发誓，,0
我会一辈子对你好,8
今天这次见面就此作罢，,0
你顺便帮我转告[ch-0]，,7
这笔帐我记下了。,0
那我以后天天给你们做晚饭，,9
好不好？,3
把手伸出来，,7
我给你把把脉。,9
大叔，,1
我们出来谈一谈吧！,9
想不想做编剧？,3
哼，,2
[ch-0]董事长，,1
我提醒你，,0
我老公是[ch-1]家的。,0
谢谢老大,0
多吃点，,7
我今天没怎么动过，,13
不饿！,13
[ch-0]还记得那一天，,0
他抓着你来到我们村子，,0
用铁链锁着你，,0
抢了[ch-0]的屋子，,0
你很倔强，,0
对他又踢又咬，,0
他脑子不好使，,13
不懂得哄女孩，,13
只会打，,15
打的你浑身都是伤，,0
但你一颗眼泪也没掉。,15
这位小哥，,1
你既然来此，,14
便是我等的缘分，,15
何故如此抗拒？,3
刚刚的声响很微弱，,0
不过在我查看的时候，,14
那个人就已经不见了。,15
我明白了，,11
我相信你说的，,0
不过不管你体内到底是谁，,14
先把身体养好最重要，,15
对不对？,3
先让你儿子回病房吧！,9
这个消息呢，,0
还是等他醒了以后再说吧。,9
我我看你从[ch-2]集团里面出来，,0
就跟到这，,0
见你走到龙翔拳馆，,0
我就去局子里找人来救你啊，,0
大叔，,1
龙翔拳馆的[ch-0]没对你怎么样，,3
你没受伤吧！,4
害，,2
别提了，,13
这两天啊我被[ch-1]那个上门女婿的弟弟弄得都烦死了，,0
哪有功夫去追[ch-1]啊！,4
你该不会是买了假货吧！,4
你安心坐，,5
你有资格。,0
你们不知道，,13
今年我抓捕的最奇葩的一个间谍，,0
为了混入我国，,0
居然利用禁术把自己身体缩小，,2
藏匿于胶囊中高价聘用一位留学生将胶囊藏匿在肛中入境。,0
不知道。,13
晚上切蛋糕的时候，,0
你分一块给你弟弟，,7
那是我专门从国外请来的顶级蛋糕大师，,0
国外很多有钱人想吃都没地方买呢,13
那个打听[ch-1]病房的人离开了吗？,3
明日我亲自率领一万骑兵前去突袭汉军运粮队伍，,9
便劳烦你驻守城池，,15
以防汉军来攻。,0
意料之中的事，,0
不过那个番僧也的确有几分真本事，,14
据[ch-0]说，,14
只有将天竺那边的瑜伽之术练到极为高深的境界，,14
才能达到活埋不死的程度，,15
这点与道家的辟谷有点像。,0
这样吧，,0
这三把香，,0
你们各拿一把，,7
第三把一块儿抓住，,0
拿着香回到村子，,0
跟你们的亲人道个别，,7
至少留点遗言什么的。,7
话说完了，,0
把香折断，,7
你们自然就去了。,9
你确定这是[ch-0]的指示。,0
你放心，,8
我不会影响你修炼的。,13
而且你如果有不懂的地方，,14
我还可以和你探讨一下。,15
谢谢你大哥。,0
我是守墓园子的，,0
你一干餐饮的跟我能有啥联系？,3
难不成你卖人肉包子的？,4
目前的情况是，,0
这些东西不是我们说了算的，,13
我们想要控制那些地方，,0
除非我们做好跟全世界开战的准备。,15
休斯顿火箭队。,0
等你们啊，,8
到了终点后，,0
太无聊，,0
自我锻炼一下，,0
消磨一下时间。,0
昨天他去找过[ch-1]医生么？,3
是。,11
为父已经不年轻了，,13
只有你这么一个儿子，,0
所以，,14
未来是你们的！,2
喂，,1
[ch-0]，,1
您有什么吩咐啊？,3
我和[ch-0]的打法类似，,0
[ch-0]是我的老对手了，,0
在某些方面我比他更了解他自己，,0
我今天就算上场了也顶多比他多坚持一会儿，,14
解决改变不了，,13
还不如保存实力，,15
反正我已经拿到百城真龙战的名额了，,14
对我而言前八和前四没有区别。,13
他没事了。,13
开心吗！,3
看我做什么？,3
[ch-0]小姐，,1
你建议说一说当时的情况吗？,3
还是姓[ch-0]啊？,3
就在这里吧。,5
好，,12
明天见！,5
嗯。,11
在，,0
少爷！,1
欸，,1
话别说的那么难听嘛，,13
你们这样的人，,0
来拳馆不就是来赚钱的吗？,4
迷途的羔羊啊，,2
你有什么样的烦恼？,3
咱们两家的儿女亲事早就订下了，,0
难道您是要反悔。,4
有一天你会笑着讲出曾让你哭到断肠的故事，,0
有一天你会发现曾让你刮目相看的人事不过如此。,0
额，,0
啊啊往前？,3
原来是这样啊，,2
感情是为了他大哥大打出手，,0
哼，,2
真会计较，,2
他大哥做了这么多年上门女婿，,0
连个屁都不敢放，,13
他凭什么有脾气啊？,4
师兄，,1
宗家没有拿你们怎么样吧？,4
喂？,3
[ch-1]。,1
难道不是吗？,4
好。,12
德尔斯孤儿院的地址，,0
在新罗达市北边八十公里内的一处茂密森林内。,0
司机，,1
拜托马上送我去医院。,6
[ch-1]不是平庸之人，,13
他是一条龙，,0
龙之潜渊，,0
出则惊天动地，,0
[ch-0]家对于他的意义，,0
我希望是一种点缀，,14
而不是他身上的光辉，,13
他的未来，,0
是一片星辰大海！,0
喂？,3
他出手的话，,0
应该立刻就会用飞雷神去到砂隐村那边，,10
要继续抓到三尾和七尾的本体不可能了，,13
幸好一尾已经落入手中，,14
[ch-0]失控之前送来了三尾和七尾的部分查克拉,0
小苹果，,1
你留在上面。,7
大神，,1
我们下去！,9
既然这样，,14
我还是要回家跟我爱人商量一下，,15
明天下午你再过来？,3
关于《回头是岸》的专业评测已经有很多了。,0
是的老太爷，,11
伤口我们差不多缝合完毕了，,0
失血情况也控制不住，,13
可这突然的窒息，,14
我们也没办法，,13
老太爷。,1
二十四个小时？,3
那不行，,13
如果喝下药身体出现问题，,14
你跑了我们怎么找你啊？,3
教主，,1
他，,0
他是我丈夫啊.,0
算了算了，,0
我也不要你们赔了，,13
你们估计也是无心的？,3
城里人，,0
做事就是不会体谅人，,13
以后开车小心点。,5
坐下。,7
你去县城买啥？,3
禀皇太子，,1
大清皇家海军一众将领皆系青年俊杰，,0
因战功而白身晋三、四品者比比皆是，,0
实属罕见，,0
今海军又征日大胜，,0
年少高位，,0
既不利于人才作养，,15
亦恐遭物议，,15
奴才恳请押后封赏。,6
只因实力不足。,14
那你认为的陪练是什么呢？,3
不知道,13
请相信我的话，,6
鲲鹏殒落，,0
其盖世宝术若还存于世间，,14
真的只能在那片海域中，,15
我来与你们相谈，,0
绝对有诚意，,0
不会加害。,13
外面有雪，,0
万一耽搁了，,14
爷爷奶奶和外公外婆可就要自己过年了。,0
你刚说啥？,3
在下想要得到，,0
这座画舫中的机缘！,0
[ch-0]，,1
你不是和你丈夫的关系不好，,4
你这样帮我，,0
会不会很为难？,3
怎么了哥？,3
法理之外还不外乎人情，,13
何况[ch-1]这么个孩子。,14
阁主能否体恤他一片赤子孝心，,3
这次的事情就当给了一个教训？,3
行，,12
回头屋里要是缺什么记得跟我说，,5
千万不要客气。,13
摄政王叔叔应该已经听说了吧？,3
呵呵，,1
这是[ch-0]吧！,2
你是[ch-1]的女儿，,0
手上得时刻有些钱。,0
今天的事，,0
爷爷会给你一个交代，,8
具体的，,0
等处理完，,0
你且一旁等着！,7
当然，,14
我们会绝对保密。,15
你们找他有什么事吗？,3
的确挺危险的，,0
而且，,14
那里面的东西可不是人，,13
各个都是魔了，,0
而且，,14
也不一定能说服。,13
那也行。,0
皇子们去不去？,3
应该是，,10
皇上是看着高兴。,0
要是还不去，,14
那她可真是一无是处了。,15
保证完成任务。,8
哼，,1
你既然答应了，,14
从今天开始，,15
[ch-0]将不会对[ch-2]施压，,13
我保证，,8
[ch-2]集团重回正轨，,0
除此之外。,14
哎，,2
他十几天前欠债跑路了。,0
[ch-0]无忧见过鬼祖，,1
不知鬼祖前来寻我何事？,3
护法？,3
喂爸。,1
大王以后定会功盖三皇五帝，,10
理应合称皇帝，,15
因为您是首创，,14
所以该当叫作始皇。,15
哼，,2
吃你的饭吧！,7
没有。,13
我们浣花楼做的是正规生意，,0
怎能与官府背道而驰呢？,4
您说是不是？,3
啊是，,12
[ch-0]，,1
我马上就去办！,9
[ch-1]老师，,1
你为何对僵尸如此了解？,3
你帮我抱上楼吧。,6
好。,12
噢。,2
我是说赤炎训练快结束了，,0
考核你会很忙。,0
报告，,0
那小子在二楼的楼梯口，,0
估计已经上来了，,10
完毕！,0
怎么回事？,3
妈看得出来，,0
你这五年来心底一直有个人，,0
就是这孩子是么？,3
去吧。,5
这个应是不会。,10
你的准备是什么？,3
[ch-1]，,1
你知道[ch-2]吗？,3
老太爷，,1
这。,0
这事可不能叫你嫂子知道。,13
我有很多话想跟倾儿说，,0
[ch-1]先生不必照顾我们，,13
有事尽管去忙。,5
[ch-0]首长过誉了，,0
在您这位老前辈面前，,0
就我那点战绩哪好意思拿出来说？,4
不值一提啊！,13
[ch-0]，,1
第三团什么时候开，,3
我还去！,0
[ch-1]，,1
做什么呢？,3
那位可是[ch-2]的贵客。,0
[ch-0]，,1
这姑娘买那个！,0
你叫什么啊，,3
为什么会在我的身体里？,3
那，,1
能请您将抓到的人交给我们吗？,3
我们一个兄弟被她砸破了脑袋。,0
那个！,1
院长~~,1
老爷子曾与我们说过，,1
这天底下就没有不妒的女子，,13
若真是自己的新妇没有妒意，,14
那是她心里根本没有你。,15
先生在上，,1
请受[ch-0]一拜，,6
我终于找到您了，,0
恩人！,1
哎，,1
假如我爸知道你来了宁城，,14
恐怕你会受到一番苦头啊，,10
你一定要在车站好好等着，,7
回去吧！,7
胖的是你！,2
是没有了。,13
到了，,0
这里就是我获得传承的仙府。,0
你想多了。,0
行了行了，,0
你可以回去了，,7
一个没出嫁的小姑娘，,0
穿的黑不溜秋的，,0
头发毛糙糙的皮肤也这么粗，,0
造的跟三十好几一样。,0
爱要不要！,2
怎么，,3
一向清高的[ch-0]小姐打算牺牲色相重回直播圈？,3
停停停，,7
我们来不是听你炫耀的，,13
你很吵呢。,2
啧，,2
你怕什么啊？,4
侍郎[ch-2]之女？,3
都十八了，,0
有点老了吧？,4
这还用问？,4
[ch-0]他再横，,14
也只不过是跟我们这种普通人横一横，,15
一旦碰上硬茬子那就原形毕露了，,14
[ch-1]家好歹也是二流家族，,14
好歹[ch-1]家的人有一个还是在国外里的有位人物，,14
哎，,2
他[ch-0]一个见不得光的角色，,13
也有实力和人家[ch-1]家硬碰硬啊？,4
你也不怎么样。,13
有你大舅子，,0
还愁他们不出丑？,4
就这些？,3
你想干嘛？,3
呵，,1
哼，,1
需要解释什么？,3
这家伙该不会要下跪求饶吧！,4
既然你觉得他这么差那你还跟他去相亲。,14
我也挺不喜欢他的，,13
特装。,0
[ch-0]姐，,1
你也不能轻易把人看扁了，,13
我觉得很有可能是她那天觉得咱们像骗子，,10
才会那么说的。,15
就这点本事。,14
懒的他，,0
洗个澡都要人给他拎热水。,0
哼。,1
这是去告状了？,3
听这语气，,0
是已经投入你爸爸的怀抱了？,3
他有没有好好疼爱你？,3
全方面的深入疼爱，,0
呵呵呵,0
谁让我是老绝户呢？,3
没什么好看的，,13
读者发来的烦心东西。,0
这和外面那些卖的有什么区别呢？,3
不然你觉得还能是谁？,4
这一拳你就受不了了？,4
无聊。,0
[ch-2]，,1
你记住自己的身份，,7
就算你和我订婚，,14
你也只是[ch-0]家的一个摆件，,15
你不要妄想代替你姐姐。,13
就是就是，,0
这天底下哪有什么药是包治瘫痪的，,4
别逗人笑了。,0
不好意思啊，,13
我不喜欢欠人情，,13
也不喜欢人欠我情，,13
我们不认识。,13
你吃错药了？,3
没什么意思，,13
你是不是觉得自己好不容易遇到一个身份不简单的嫌疑犯，,4
勾起你心底里最强烈的抓捕欲，,0
一定要抓到我，,0
好给身上安一个莫须有的罪名，,0
才觉得开心呢！,4
想吃自己做，,7
别来烦我。,7
别墅？,3
你直接去售楼处那里买不就行了？,4
不是都跟你说了，,4
看不懂吗。,4
能不能活着回来，,3
你比谁都清楚，,0
别告诉我你会有把握啊，,7
哼，,1
那可真是笑死人了啊表姐。,2
都说没有不偷腥的猫，,13
看来这话果然不假。,13
老东西，,1
没进东六域，,13
是不是很后悔呀，,3
啊？,3
[ch-0]？,3
那个蠢货不过是一枚棋子而已，,14
不过是手废了而已，,14
谁叫她那么蠢的，,4
呵我都说得很清楚了，,0
是我的保镖一直对我心存爱慕，,0
所以偷了我的耳环，,15
放在身上，,0
一切都是他做的，,0
我什么都不知道，,13
[ch-1]她能拿我怎么样呢？,4
她那样的人，,0
心比天高，,0
[ch-2]鬼知道呢，,4
不过敢来[ch-0]家老爷子的宴会上闹事，,14
今日怕是他要命丧黄泉喽！,10
半个小时内就想灭了我[ch-0]家，,0
未免，,0
也太小瞧我们了，,0
说大话小心闪着腰啊！,2
你自己看着办吧！,9
啊。,2
能认识才怪！,2
这么怂啊，,2
果然是个废物，,2
和他哥哥是一个鸟样，,0
废物得不行啊，,2
[ch-0]，,1
来，,7
咱们喝酒，,9
别跟这么一个小人物置气，,7
影响咱们兄弟心情。,0
啊。,2
呵呵呵，,1
请问谁给你的自信,4
行了，,0
咱们还把手里的设计图变成钱再说吧。,9
不知道啊，,13
你看他还带了个穷小子来，,14
不会是乡下来的乡野村夫吧！,4
是啊，,12
[ch-2]，,1
你不知道吗？,3
别做出这副怨妇般的表情，,7
我不会抛弃你，,13
而是在跟你说正经的。,15
哎呀，,2
啧，,2
那真是太可惜了，,2
你是没见到[ch-1]那个不讲道理，,0
残忍暴力的画面，,0
人家[ch-0]只不过是不小心撞了他一下，,14
他反手就把人给打了，,15
后来还仗着自己有一把好刀卖给了华美集团[ch-3]，,0
结交了情分，,0
就让[ch-3]的人把,15
哼，,1
还算便宜你的，,0
你若是想找麻烦，,14
我华美集团随时奉陪，,15
你可以回去问问你庄家老太爷，,0
敢不敢和我华美集团来一次正面对抗？,4
[ch-0]，,1
你不是很能打吗？,4
你就不觉得恶心吗？,4
如果只是这么简单，,14
岂不是遍地都是设计师？,4
行了啊！,2
不就四级渔夫嘛！,4
有啥好看的？,3
伤人只能说你太自以为是了。,0
早上我好好的在训练，,0
经理把我叫过去教那个小白脸，,0
我寻思着教吧！,2
这就是小姐说的那个出狱的人渣？,3
你有什么用？,3
能帮忙吗？,3
咳咳那我可以走了吧？,3
[ch-1]，,1
这可是你自找的。,2
[ch-0]啊，,1
你可真会开玩笑，,2
人家[ch-2]是什么身份，,4
你是什么身份，,3
啊，,2
你还是和几年前没什么变化，,0
爱吹牛，,0
爱装逼，,0
你还记得你以前做过什么吗？,3
我讨厌投影电话。,0
我感觉姐姐最近好烦人。,0
什么地方？,3
不就是一个破殿。,13
谁跟你这么说的？,4
那真不好意思，,13
我不是你的出气筒。,13
我倒要看看你们能过几个？,3
会不会晚了一点？,3
刚刚我都说过，,0
带着它，,0
方圆数百米的范围内，,0
七阶以下的魔兽自动退避，,0
这难道还不够吗？,4
[ch-0]，,1
你最好不要惹我。,7
行了，,0
你就不要发表意见了，,13
你除了泼冷水也不会别的。,13
我发现催促你们公司加快进度根本就是最无聊的做法。,0
可你听了吗？,3
就这句话，,0
他以为他谁啊，,4
口气这么。,0
上车。,7
都跟你说了，,0
说了你也不知道，,13
别问了,7
老头，,1
这故事你说了三十年，,0
能换一个么？,3
和你一起吃饭，,0
还得看你工作，,14
所以倒胃口！,2
我们又不傻，,13
看出来了。,0
是啊，,12
就是她，,0
刚才还撒谎骗人污蔑[ch-1]呢！,2
这么多人能唱个什么。,4
一个毫无教养的孩子你们要带，,0
就带走吧！,9
找工作？,3
哎，,1
小乞丐，,1
说你呢！,2
老爷子不会见你。,13
说完了吗？,3
怎么，,3
有问题吗？,3
还有没有能打的？,3
我是真不想干，,13
可这种为人民服务的差事都是又苦又累，,14
如果别的同学都不愿意，,14
我也只能硬着头皮顶上了。,15
哼，,2
这次算你走运。,2
没什么兴趣，,13
基本不来。,13
在王都用跳舞粉的是我，,0
让你们干旱的也是我，,0
你们从头到尾都只是被我操控的傀儡，,0
只可惜.,14
我没想到[ch-2]你会在快成功的时候背叛我。,13
你除了在外面招惹是非，,14
还能做什么呀？,4
[ch-0]死了，,0
身高也很般配。,0
两瓶破药有必要卖吗？,4
又没人买！,13
让他去，,0
就这么点本事，,0
还都是跟[ch-2]学来的。,0
自己搞,0
你五年都没有回来，,13
还非得要来现场搞这么一个突然袭击。,15
玩够了吗？,3
看什么看？,4
看了脚丫子就要娶你，,0
那我多亏啊。,2
难道这么大的一座城市，,14
就没有一个能打的吗？,4
弱者，,0
是没有资格说这句话的。,13
日他娘的，,0
凤桥下几百个这样的算命先生，,0
竞争太激烈了。,2
而且算命先生要摆架子太累了，,14
还是做乞丐好。,15
没事，,0
我说了，,0
跟一只蝼蚁有什么好计较的，,0
当然了，,14
你也是蝼蚁，,0
如果不是看在[ch-0]董事长的面子上，,14
我都不会看你一眼。,13
走！,7
你便去给她陪葬罢。,9
呵呵，,1
惹不起？,4
那我倒想看看你是怎么把我碎尸万段的，,14
来，,7
我等着呢！,0
她死了吗？,3
本将要率军，,0
踏平虎头山！,2
对，,12
道歉。,0
追风暗影！,2
来得好！,2
[ch-0]，,1
你怕了？,3
哼，,2
怕了吧！,3
如果你觉着非干不可，,14
不干的话，,13
下半辈子良心难安，,15
那就去做！,9
你如果是集团[ch-0]，,14
我身为人力资源部的总监，,0
有权利管理你，,15
你如果不是，,14
哼，,2
闲杂人等可不准踏进集团一步啊，,13
这是规矩。,0
小小姐，,1
你查的这个人竟然有五年的空档期，,2
且五年前有四年的时间处于极度机密封存，,0
就连从小到大的档案上也被刻上a级档案，,15
我们没有资格查阅！,13
不敢？,4
你的鱼呢？,3
站住，,7
只能你一个人进入、刀不许带进去。,7
不，,13
我没有跟你说话，,13
你还不够资格。,13
刚才你不是说本少爷在玩火吗？,4
是。,11
看来[ch-2]公主果然跟[ch-1]总是姐妹，,2
总是习惯用身份压人！,2
y国公主,0
[ch-0]，,1
早知今日，,0
何必当初。,0
都走到这一步了，,0
你觉得还有退路吗？,4
让学校发，,0
是看在任校长和您的面子上，,0
要让我动手,7
少爷，,1
这个骗子他。,0
是，,11
老大。,1
呵，,1
可惜啊，,2
这个女孩长的那么漂亮，,0
马上就要沦为一具尸体啦！,2
看爷爷我怎么降服他们的！,2
至少有三十余人，,0
真是一群不知死活的！,2
恨！,2
冲，,7
别让他们跑了。,7
对不起我是，,13
这件事我必须得管。,0
[ch-0]老三，,1
你老婆的胸口处有一个痣，,0
每一次我捏住时，,0
她都会兴奋的不得了。,15
我看八成是有心人想借此泼水给[ch-0]家吧！,10
不用了，,13
直接去监控室。,9
[ch-1]，,1
难道此事与我有关么？,4
主子！,1
[ch-0]，,1
[ch-0]，,1
我儿子怎么样了？,3
我有急事找他。,0
去，,7
把[ch-1]家目前所有的护卫给我调出来，,7
等在我房间外听候差遣，,7
一旦有[ch-0]太子的消息，,14
即刻出发，,7
找到[ch-0]太子，,7
护其周全。,7
[ch-3]姐姐，,1
[ch-4]姐姐。,1
哎呦，,1
[ch-0]，,1
您好几天没有理我了，,0
夜深了，,0
要不咱们休息吧！,9
他们去了哪里？,3
小心！,2
[ch-0]，,1
他他是谁。,3
是吗？,3
快，,7
快，,7
把她弄回去。,7
赶紧把路让开，,7
这个是紧急军情，,0
不要耽误了天使报信！,7
你嘴角都流血了，,0
必须马上去医院！,7
老太爷，,1
找找找到了。,0
具体什么情况，,3
说清楚。,7
快让他喝牛奶！,7
别闹了，,7
快说说都需要注意那些[ch-1]？,3
去南三所做什么？,3
急什么？,3
人都死了，,0
也不会抬腿跑掉。,13
可以动手了吧？,3
没、没有啊。,13
原剧情里，,0
侯府的人一来接，,0
[ch-1]就跟着[ch-0]嬷嬷回侯府了，,0
根本没有这一出啊。,13
哎，,1
这发生什么呀？,3
喝！,2
[ch-0]，,1
你们洗完没？,3
怎么还不出来，,4
[ch-1]都等了半天了！,2
不关我的事啊，,13
我不认识她，,13
我不认识她！,13
[ch-0]。,1
别冲动，,7
千万别冲动。,7
几比几了？,3
妈妈,1
这是我们唯一的儿子呀！,2
[ch-0]！,1
小心背后。,7
嗯！,12
娘，,1
女儿早晨就是起不来嘛。,13
哎，,2
是啊！,12
你当时已是烂醉如泥，,0
我只能在眼睛上蒙了一块黑布，,14
再帮你洗。,0
回什么卧室啊，,4
有话在客厅说就行,0
本公主从来没有伺候过别人呢，,13
你可是第一个。,2
原谅你了，,0
谁让你是精神上的处男呢。,4
关于那件事我爸妈已经同意了。,0
是有个人约好了的,0
是，,11
公子,1
大嫂，,1
后来的事情我都知道，,0
谢谢你，,0
一直照顾大哥。,0
可我没穿衣服，,13
你你确定要我现在开么？,3
跑得倒是快。,0
[ch-0]垂着眸小声说。,0
都喜欢的。,0
你又要让我做什么事？,3
那我，,0
那我先过去拜会一下[ch-2]。,9
公主，,1
无论如何，,14
我都会保护你的，,8
只可惜我没有相信公主的话，,14
让百姓们将您做的小黑球都带上，,15
这是[ch-0]的错！,2
我不是那个意思,13
[ch-2]先生，,1
实在对不起，,0
让您受委屈了，,0
这次事情我一定完美解决，,8
给您一个交代，,8
您可以走了！,5
我眼睛可能出问题了，,10
你有没有帮我做检查，,3
我不应该是这张脸。,13
打疼了么？,3
对不住。,13
结果还是晚了一步。,0
等我们赶到的时候，,0
那些亡命之徒已经退得干干净净，,0
我追着他们箭矢的方向，,0
去到附近的河湾处，,0
才找到[ch-1]和[ch-0]。,0
[ch-0]君，,1
我错了。,0
我不是东西，,13
我是[ch-1]。,0
微臣不敢,13
是，,11
[ch-0]先生，,1
我也没有想到会发生这样的事情，,13
是我的疏忽，,0
实在是不好意思啊，,13
我肯定给您一个交代。,8
我也要去教室了，,0
临走之前，,0
还是要对之前的不愉快向你说声抱歉，,0
希望我们能够精诚合作，,14
赢得比赛！,2
[ch-0]，,1
我本来想一直瞒着你的。,0
兄弟，,1
我对我之前的行为向你道歉，,0
希望你大人不计小人过。,0
应该是我向[ch-0]告冒昧打扰之罪才是。,0
而且，,14
如果父亲之前告诉我的是真的，,14
那么就应该明白，,15
您只是在辅助我，,14
而不是控制我，,13
想要到什么样的位置，,3
是我说了算，,0
而不是你们。,13
所以，,14
只这一年来才开始发作？,3
消息从何而来已经不重要了，,14
重要的是温柔吃的那个药是朝廷早就三令五申严禁使用的麻服散。,15
京京，,1
这里有饭吃吗？,3
[ch-0]统领五虎上将跟随。,7
说的也是，,0
还是干脆就当没发生过这件事情，,9
没打过赌吧。,13
我不这么认为。,13
自始至终，,0
我跟他们没有接触，,13
我也不知道他们做的任何事情，,13
我想不明白他们有任何理由对付我。,13
会不会是大叔为了找回手机，,4
用别的手机打的！,0
看样子你已经对自己的新身份十分适应了。,2
乡野之地，,0
都是些粗糙的野玩意儿，,0
让大人见笑了。,0
你婶子是妇人之见，,0
目光太过短浅了，,0
只说娶个小门小户的女孩，,14
却也不想想小门小户出身的女孩子哪里有什么识见，,13
以后怎生顶门立户，,4
我和你婶子都出身农家，,0
本没什么见只的，,13
[ch-0],1
你不是拳王吗？,4
好。,12
逸尘，,1
去[ch-0]是你提出的吗？,3
到顶楼再下去吧。,5
德公公，,1
皇叔那边还等着我伴读，,0
我先回去了。,9
哦，,2
这件事情啊，,0
她们在医务室呢。,0
降旗起见，,7
禁止任何人进入！,7
最后一次机会。,0
好。,12
我哪天单纯过？,4
傲来岛，,0
不只这些妖怪，,13
还有更多，,15
只要你愿意帮我取出龙魂，,14
我可以加入诡异调查局，,15
傲来岛所有妖怪，,0
都会成为调查局的势力。,15
我喜欢乖巧一点的女孩子。,0
哼哼，,0
那是。,0
记得要小心些，,5
别经了风，,0
见了水，,0
病情加重就不好了。,0
你们不是没有孩子吗，,4
怎么还急着结婚？,4
哦？,3
呵，,1
没什么，,13
你和我一起去集团吗？,3
为什么要怕？,4
不知道，,13
我也正在找她呢，,0
等找到告诉你吧。,9
咱们骑车去？,3
行了，,0
现在有这么个事情，,0
我们现在肯定要有一个临时基地，,0
你想要放在什么地方？,3
嘿嘿！,2
找好了。,0
老大，,1
那两个人估计是牺牲了，,10
我们这边还剩下六个人，,0
有三个人守在二楼的楼梯口，,0
要不咱们也去二楼，,9
把那家伙给堵住，,15
只要他敢上来，,14
就弄死他，,15
怎么样？,3
好，,12
我不穿！,13
一鼓作气，,0
再而衰，,0
三而竭。,0
这修炼不是一撮而就的事情，,13
是需要大量的时间，,0
大量的精力，,0
坚持持久的进行，,0
你现在没有什么感觉，,13
回去之后就知道为什么让你三天后再来的原因。,0
好了，,12
我们走吧，,9
我看你要出门办事，,0
去忙你的吧。,7
再说了，,0
我想翻盖下房子也不敢啊。,13
也不知道他现在在哪里？,3
我们的人都在找，,0
再过半个月左右，,0
[ch-0]这边也会出动人手在z国找人，,10
妈不用担心。,13
所以，,14
我会帮你，,15
但我也有一个条件。,15
好的[ch-0]，,12
没问题，,0
下午见。,9
家主，,1
找到了，,0
可可能有点复杂！,2
没有人！,13
国王没有当场斩杀[ch-0]，,13
便是抱着给他开脱的心思。,0
我看这[ch-0]当真不简单。,13
既然如此，,14
那我就再去会会他吧。,15
我和你父亲虽然衣食无缺，,14
又有你哥哥照顾，,0
可你还是想尽你的心意。,15
这时候还愿意给你请柬的想必是真朋友了。,0
有不明身份的修士，,0
潜入了商船之中。,0
但是大人放心，,15
经过核对，,0
我们已经锁定了那些修士，,0
很快就会出结果了。,0
大叔我在流星花园酒吧等你大叔这次你会来的吧！,1
还有事吗？,3
驸马的担心很有道理，,0
现在我大唐国力空虚，,14
恐怕无力在全国范围内推广学堂，,10
不过陛下倒是可以在长安和洛阳先行建立几座学堂看一看效果，,14
当然也不必像驸马的学堂那样提供午饭，,15
毕竟朝廷现在财力不足，,14
还是尽量减少一些不必要的开支为好！,15
[ch-0]先生，,1
董事长她在别墅会议室里开会呢，,0
您先在这间总统套房休息一下，,7
等下后厨准备好菜肴之后，,0
我会带您入宴的，,9
到时董事长会带着少爷来见你。,0
是。,11
咬这个。,0
是！,11
哎，,2
是！,11
小子，,1
给你两个选择，,7
留下你全部的钱财，,0
功法秘籍，,0
或者，,14
留下你的命，,0
和你的钱财。,0
[ch-1]爷，,1
茶来了。,1
妖尊亲传弟子[ch-0]见过前辈，,1
刚才因为吾儿被杀要诛元凶，,0
不小心牵连到您的两位爱徒，,0
我随后一定会做足补偿还请前辈见谅。,8
你别误会啊，,7
我要去个地方，,0
但是不认识路，,15
你能不能带我去啊？,3
你不走？,3
[ch-1]先生，,1
您看出来了。,0
是元二。,0
不要说话，,7
跟着我走，,7
立即离开这里。,7
是！,11
唉，,2
还好，,0
米国管不到咱们[ch-1]，,0
咱们还是可以继续看[ch-0]的电影的。,15
[ch-0]的人在二楼和三楼，,0
在战斗结束之前应该不会回去，,10
老三，,1
老五，,1
你们两个用钩爪爬到六楼，,7
我们在下面接应，,0
务必把小姐安安全全带回来！,7
诶。,2
[ch-0],1
诶老太爷，,2
您要找什么人吩咐一声不就行了吗，,4
哎呀，,2
哪还需要您亲自跑一趟呀，,2
我们拳馆有您亲自到来，,0
简直是蓬生辉呀，,2
哈，,0
啊，,2
[ch-0]老太爷，,1
您找的是！,3
是！,11
神官大人好像身体不行,10
出山吧？,3
他们估计是想在回去的时候制造一起飞机事故，,10
顺便杀死我，,0
老朋友，,1
我来见你最后一面了，,0
呵。,1
当然可以了，,0
如果你想要，,14
[ch-0]会给你的！,15
跑路？,3
不送了。,13
[ch-1]，,1
你说上次那个小丫头来没来？,3
恩。,12
[ch-0]院长？,3
嗯，,12
那就出去走走。,9
你弟弟呢？,3
也一起出去走走。,0
嗯。,11
恐怕不止，,13
在[ch-1]被杀后，,0
调查[ch-0]后，,0
才知道他身上至少有三枚半月匙。,0
除了三瓶道人的半月匙之外，,14
还有[ch-0]的一枚，,15
另外[ch-0]从一名散修手中抢到的一枚。,15
坐下吃早饭吧！,7
以后不要喝酒了。,5
呵，,1
额，,1
你们这里监控是摆设吗？,4
啊马上来了，,0
马上就来了。,0
去，,7
看看五爷今晚都干些什么去了？,3
敌人太强，,0
我们太弱，,0
要抱大腿。,5
哎，,2
不行，,13
不能打电话给他！,13
两位县令在衙署等你。,0
倒是连累了两位道友了。,14
我是[ch-0]三兄弟，,0
我现在在你们集团楼下，,0
有人不让我进去。,13
[ch-0]少奶奶！,1
好的，,11
[ch-1]冕下。,1
啊这。,2
据我所知，,0
亘古天王就是各方面全都臻至理论极值的太初，,0
无漏无缺。,0
除了以上这些，,14
还有局部极其杰出的恐怖特征，,15
凌驾理论之上。,0
[ch-0]死了没？,3
那就出去看看吧,9
哪怕是一个玄级宗门，,14
能利用这种机会干掉极剑城，,14
也非常了不起了。,15
不过他这件事做的太冲动了，,14
一个玄级宗门别人随手都可以灭去的存在，,0
居然敢冒如此大的风险干出这种事情，,2
还是年轻气盛啊。,2
[ch-0]，,1
你是哪儿的人啊？,3
我来弄吧,9
巴兄，,1
你你这竟价，,0
毫无利可图啊？,4
姐夫说把铁笼马车扔了，,0
不用了。,13
行长，,1
你有事情吩咐吗？,3
是，,11
孙女知道。,0
一男一女，,0
男的像是[ch-0]。,0
别人不知道[ch-0]爷的厉害，,0
你还不清楚啊？,4
走吧。,5
刚看刷完丧尸国度心里澎湃的睡不着。,0
我。,0
是的！,11
离婚协议已经签了，,0
我是认真的,0
[ch-0]，,1
你的腿。,2
既然如此，,14
随你。,15
老祖宗，,1
您看会不会是他们弄出来的阴谋？,3
我想那[ch-1]有可能是不在人世了！,10
他们被我们吓破了胆子，,0
又不能一辈子当缩头乌龟，,13
所以，,14
设下一个陷阱，,0
让我们钻进去！,2
都说说吧！,2
这次，,0
胤王立了大功，,0
该奖些什么？,3
姑娘，,1
实话实说，,0
这把黑耀剑200块灵石真的不贵了。,13
所以，,14
你是为了逗我笑才穿这身衣服的？,4
是这样的啊，,0
[ch-0]他表现优良，,14
还帮了大能大少，,15
所以所以大能管他叫爷。,15
就是你弄错了，,0
我昨天晚上特意找[ch-0]那老家伙喝茶下棋，,0
帮你问了这件事情，,0
你猜他怎么说啊？,3
大叔，,1
你确定吗？,3
冲着我来的？,3
啊，,2
是大叔找到了吗？,3
他他被带走了，,0
在局子。,0
就在昨天，,0
我和她提出了取消我们之间的婚约。,0
我应该不是这个大陆的人，,10
因为捉妖而误跌入河中，,0
撞了头，,0
再醒来就被封在棺材里，,0
险些被当成[ch-1]埋葬,0
这里是拳武协会？,3
在此之前，,0
我们已经对这件巡逻单兵进行了陆地各种环境下的测试，,0
都取得了不错的数据。,0
去看电影吗？,3
他的股份没有放在他自己的名下，,13
而是放在一个别的什么机构里，,15
所以不算婚内财产。,13
他在公司里给自己发工资，,0
一个月只有三千块。,0
有人来局子，,0
那就有案件，,0
你是嫌疑人，,0
不准走。,13
你可以试试。,5
小账房，,0
您、您能不能先帮我把这个办了？,3
我和兄弟们急着去赶下一趟差事。,0
我们都还没吃饭。,0
这个啊，,2
以后再跟你说。,9
姨母！,1
我也知道，,0
这样有些失礼。,0
只是我有些年没有见到姨母了，,14
怕姨母和我生分，,14
就厚着脸皮来见您了！,15
新来的？,3
也好，,0
这名重要人物身份贵重，,0
耽误不得，,0
你快告诉我，,7
一位叫[ch-1]的年轻人，,0
在不在拳馆里？,3
那个小伙看起来有点傻，,0
听话，,0
你可以放心的拿捏他。,0
听说你最近在公司做设计？,3
把这条消息禀报给爷爷，,7
另外回去调动我所有的资源，,7
马上找到这位小兄弟，,7
我要当面感谢他。,0
[ch-0]小姐。,1
这这是那位叫做江河的强者击杀天魔教的战利品，,0
我们就这样带走不好吧？,4
已经叫了,0
[ch-0]！,1
[ch-3]，,1
[ch-4]两口我是没有，,13
但是[ch-2]却在一个人的手里，,15
只要我去要必然可以拿来。,14
大哥，,1
我是什么人你也最清楚，,0
你和嫂子的感情我不想插手，,13
我也不想管，,13
弟弟我不会连累你。,13
那人应该是急需灵石，,10
这些丹药拿来都没有还价，,0
全部加在一起就一千零七十块灵石。,0
老太爷，,1
接下来怎么做？,3
这是什么？,3
你说？,3
我说？,3
不不，,13
那都不重要了，,13
重要的是火箭队找到了他们的赢球方式，,0
他们场均轰下102分，,0
联盟第一，,0
场均失分却控制在了90分一下，,0
89,2
2分，,0
仅次于马刺队和活塞队，,0
所以，,14
重要吗？,3
重要吗？,3
不过朕还要在长安坐镇一段时间，,14
等长安彻底镇定下来，,15
在回洛阳！,2
查的怎么样了？,3
这个是？,3
名符拿来，,7
秘典自己去找！,2
没有。,13
五万。,0
走了。,0
外人，,0
来外人了，,0
二脚羊来了，,0
谁抓到算谁的。,0
豹妖，,1
你要是能打赢，,14
我就放了你！,15
行吧，,12
你可以回去了。,7
你们仔细看着，,7
可千万别让[ch-0]受伤了。,7
我去吧。,9
有事情给我打电话，,7
等我回来！,7
虽说出嫁从夫，,14
但自来我的丈夫有和没有是一样的，,15
所以，,14
今日既然我[ch-1]愿意为我做主，,14
我愿意和离。,15
走吧，,5
现在出发。,5
我说这话，,0
[ch-0]先生也不必生气。,13
今日既然你来见我，,14
那咱们就一次把话说清楚。,9
我既然嫁入秦王府，,14
日后自然是要为秦王府着想，,15
先生如同王爷与世子殿下的肱骨双臂，,0
而我只是一个后宅妇人，,14
没有别的能,13
我说过吗？,3
我好象没有。,10
算了，,0
还是你去吧。,9
哦，,2
是我打的。,0
宇宙洪荒，,0
星河寰宇，,0
皆有着他自己的规律，,0
人心再如何，,0
世事再如何，,0
也只在这规律之内，,15
而这规律，,14
便是大道，,15
既然人心无解，,14
那又何必去解，,15
只需改变了规律，,14
人心自然便走向了该走的方向，,15
便如天元三千年一度大劫，,15
人间最,0
炼药需要药方，,0
这个也简单，,0
不需要晋升药徒才可以得到，,13
山下的坊市内，,0
就有贩卖一些零散的药方。,0
什么命令？,3
我不同意。,13
看来我没时间跟你好好聊天了，,2
你那个相好，,0
是要到了呀，,0
放心吧，,7
过不了多久，,0
我就会带着他到你面前的。,8
银锁你陪着铜锁去吧！,2
我的倒立金蟾是纯金打造，,0
专能增福增寿。,0
等两位道友驱邪之后，,0
[ch-0]小姐醒过来，,0
我会用我的倒立金蟾为她祈福。,8
晚辈尽皆记下了，,0
前辈是不是要休息？,3
我们不是说好了，,13
太祖不仁，,13
厌弃先祖，,0
所以,14
你等着，,7
我去叫[ch-0]医生过来。,0
那我要不要让你这纪念更深刻点？,3
我来找[ch-1]哥哥。,0
呵，,1
呵呵，,1
现在能告诉爷爷那女孩是谁了吗？,3
我的血是不是不能抽啊？,3
对，,12
怎么补偿都行。,0
你是[ch-0]家族的人？,3
交给老师？,3
他们在拍自制电影，,0
那些都是我的同学。,0
我们每年都有拍摄课题，,0
是要纳入期末个人成绩里的。,0
这学期的，,0
我还没想好要拍摄什么。,13
我马上处理一下,0
你不是想找那位治好我双腿的先生吗？,4
京大医学。,0
[ch-1]统领，,1
我们并没有冲击黑鲨堡的意思，,13
我们来这里，,0
只是因为我们追踪一件重要的物品来到了这里。,15
老太爷！,1
好言相劝，,0
信不信由你们！,2
[ch-0]大师，,1
文化大使是不是来得惊天地泣鬼神、一等一的快？,3
大师想大使了，,0
大使就这么出现了，,0
有没有惊喜喜，,3
有没有意外外？,3
我把你们的来历强调一下，,0
这七位神医爱好不同，,0
有的喜欢救治散修，,0
有的喜欢救治上门弟子。,0
根据和平条约，,0
我作为被诬陷的被告，,0
有权为自己争取公平待遇。,15
你们记着，,7
[ch-1]生效期间，,0
万万不能把矛头对准它的寄主。,13
否则，,14
屡挫屡败。,0
对啊，,0
纵横草原万里被几十万草原铁骑追赶，,0
能活命回来才有鬼呢。,0
尤其是他们四个竟然还参加，,14
更是一点不靠谱。,15
谁不知道那醉猫就知道喝酒，,13
那[ch-0]大少皮包骨头一点力量没有，,0
胖子估计他一上马马都会被压垮吧。,10
[ch-1],1
是霜眉,0
哎呀，,2
额！,2
有何不妥之处？,3
没有。,13
害，,2
唉，,2
没什么[ch-1]爷，,13
就是有点儿累了，,0
我们回拳馆休息吧！,9
价格不急。,13
我想问一下，,3
你们买了蚜虫基因改造配方后，,3
打算干嘛？,3
你今天脾气真的挺大的，,2
是因为我赴约跟[ch-0]一块儿吃饭呢，,3
还是我瞒着你出来跟他一起吃饭？,3
这些城池的建筑尺寸，,0
比起一般的房屋要大了许多啊。,2
我见她是有些功底的，,0
这两天利用机关术解决了不少难题，,0
成了团队里炙手可热的存在。,0
不知道，,13
是来找[ch-1]家那个上门女婿[ch-0]的。,0
总裁，,1
我，,0
我没事,13
嫂子，,1
你应该问问这家伙干了什么事情，,7
任何事情都不能只看表面，,13
这个道理，,0
你应该明白！,2
你可以选择不买。,13
家里平时不都是你做吗？,3
你还有意见吗？,3
帮他们干什么？,4
[ch-1]一死，,0
对我们大大有利。,0
娘！,1
去接[ch-0]了嘛。,3
搜身！,2
哈哈哈，,0
听到没有[ch-0]哥，,0
这家伙就是偷偷溜进来的，,0
我早就看出来了。,0
我今年27了，,0
应该是大哥。,10
陪练不需要带护具！,13
明白，,11
但英雄不容埋没，,15
就算是再上一次法庭，,14
我也在所不惜，,13
我兄弟的妻儿，,0
有权利知道他的丈夫和父亲，,0
是一名英雄！,2
那行吧，,2
我们回去吧！,9
没什么事，,13
我先带她走了！,9
好像也没过多久吧！,10
进来说吧。,5
别跑了，,7
森林这么大，,0
我们又只有这点人，,0
他们暂时找不到我们的。,13
手臂上和胸前都有肌肉，,0
不是那种太猛的肌肉，,13
而且男主也很鲜嫩可口好吗。,4
谢谢。,0
喂，,1
你好，,1
请问是[ch-0]姐姐吗，,3
我这里是金桥医院，,0
[ch-0]送外卖的时候电梯出了事故，,0
现在正在医院抢救。,0
我是不是有些画蛇添足了？,3
你过来，,7
我告诉你他的一些短路！,0
就，,0
就扇了她几巴掌，,0
踹了她两脚真的，,0
我就打了她几巴掌而已，,14
而且一点儿都不重。,13
而且而且，,14
我走的时候，,0
她还好好的。,0
谁知道她怎么就,4
[ch-0]啊，,1
既然[ch-3]来了，,14
那哥就不陪你了啊！,13
[ch-1]呢？,3
原来你早有准备啊。,2
那个，,0
你是不是该认输了？,3
保卫科的人呢？,3
[ch-1]哥一天几包烟？,3
对面的[ch-3]三分不准，,13
[ch-7]持球的时候，,0
[ch-0]和[ch-4]直接包夹过去，,0
要是[ch-7]把球传[ch-1]了，,14
[ch-6]你去和他找对抗，,15
别让他轻松出手，,0
至于[ch-2]，,14
你只要在外线跟着[ch-5]就行，,14
那家伙只会接球投篮。,15
俺们那旮沓都是东北银,0
不用寄了，,13
我妻子不识字，,13
性格懦弱不擅长跟人争辩。,13
这个钱寄回去也到不了她手上。,13
[ch-0]亲王也别那么着急上火。,5
你的老师是谁？,3
在军堂的命令下达前，,0
先加固兴秦城，,7
训练部落联军。,7
[ch-0]，,1
再次在长安城来一次排查，,0
我总觉得有哪些地方不对劲！,13
[ch-0]，,1
你不也猜到事有蹊跷吗？,4
我也是为了解释此事，,14
才会主动现身见你的。,15
谢谢。,0
两千万。,0
他在哪。,3
呵，,1
好！,12
我叫[ch-0]。,0
他要是能攀上[ch-0]盛昀，,14
公司说不定也能扶摇直上了，,10
可惜没眼光啊。,2
是是又怎么样，,4
是又不代表就是我杀了[ch-0]。,13
怎么还没来？,4
爸。,1
很老实，,0
没有再惹什么事情。,13
嗯，,12
所幸的是，,14
我们这边的[ch-0]实力很出众，,0
他是队里的主心骨，,0
而不是[ch-1]，,13
只要他在，,14
这支队就有无限可能。,0
今天有哪些同学没有交作业？,3
[ch-0]，,1
你在开玩笑吗？,4
倒是这个女孩，,14
她到底什么身份呐。,3
碰巧路过。,0
嗯。,12
人家几年前就招了一上门女婿，,0
连孩子都有了。,0
我知道我说不过你，,0
不过你答应过我们，,14
除了[ch-1]，,14
你不会再娶，,13
如今[ch-1]在家里守孝一年，,0
为了不把晦气带给你，,13
所以不见你，,13
但你也不能,13
门庭上面环绕不详气息，,0
我等要小心啊。,0
嗯，,12
喝了一点儿。,0
也不是什么大事，,13
我就是想拜托你跟我一起去商场。,0
直接把冠军给我吧！,9
是这样吗？,3
大嘴巴,0
什么时候可以上班呐？,3
是啊，,12
我所拥有的地位和背景，,0
永远是你这种小人物无法拥有的，,13
你就只能羡慕地看着！,15
要是算了，,14
我[ch-0]这辈子定是错过了一大机缘。,15
我问了，,0
他让我们不用担心，,13
说他那边自有打算，,0
有什么需要配合的地方会联系我们。,0
小哥儿，,1
您这材料好是好，,0
可我们也用不到啊。,13
我还有点事情，,0
我要先走了，,0
我送你回去还是你自己回啊？,3
[ch-0]来没来？,3
训练士兵和教导军官是不一样的，,13
我见过不少直播，,0
隔着屏幕都很美，,0
但是真的见到本人之后，,15
才发现现在手机电脑的美颜效果太强大了，,15
但[ch-0]小姐似乎是个例外。,15
前辈给我恩惠甚多，,0
这二十条神灵脉对我来说不算什么。,13
时间紧迫，,0
晚辈就此告辞了。,0
为什么会有这种疑问？,3
就是[ch-1]吧，,10
穿的是[ch-1]衣服，,0
不是[ch-1]还能是谁？,4
难道不是吗？,4
[ch-0]大人和[ch-1]担心，,0
其实不足为虑！,13
此宝，,0
不过是我以前常用的一个小宝物，,0
算不得什么。,13
我要办正事，,0
你若想来，,14
便一起，,15
若是不想来，,14
就回[ch-0]那里去，,15
好生藏好，,5
省得被我波及，,0
平白让她忧心。,0
大学毕业，,0
生活不顺的[ch-0]，,0
突然交到了一个女朋友，,0
然而这个女友有些古怪，,14
只在晚上和他见面。,15
问过了，,0
都是沿海一带的村民，,0
家里条件贫穷，,0
每年靠替人出海捕鱼为生，,0
因为贫穷，,14
很多人到了年纪都没娶妻，,15
大多没什么见识，,0
有力气，,0
有出海的经验，,0
却没什么心机。,13
停！,7
我们尚未走出太阳系。,0
好啊，,12
娘等着那天。,8
既然这样，,14
我们就分成7组,15
上次来听得大官人喜好射猎，,0
正好我也好此道，,0
今日弓马齐全而来，,0
正是来邀大官人午后荒野奔马围猎，,15
不知大官人得不得空闲？,3
我需要有人定期进去，,0
帮我清理饿鬼。,0
来了啊,0
恩，,12
关系不好，,0
我和他早晚会离婚。,8
嗯。,12
茶水有没有的无所谓，,14
我只是来讨债的。,15
这不比让你偷偷拿回去卖掉，,13
强之百倍吗？,4
一边去,0
嘿，,1
伙计，,1
这是直播，,0
你确定吗？,3
也可以叫我仙仙。,0
四哥身子好了？,3
怎么不住如意苑了？,3
那边离着[ch-2]近一点。,0
也好照应。,0
唉，,2
好，,12
好，,12
好，,12
关键时刻，,0
还得看我们民间高手！,2
有人已经说出了我的想法。,0
没错，,0
就是电子信息行业，,0
当然说是互联网行业也不算错。,14
当然，,14
你们不要以为我是因为得了图灵奖，,13
才特意鼓吹这一行业，,15
而是因为它确确实实在不断改变我们的生活，,14
而且改变的速度远超之前的任何一个行业,15
四太子与[ch-1]将军以为如何？,3
虽然我还不知道你跟皇帝之间究竟是怎么回事，,14
但是[ch-0]，,15
请你相信我，,6
这世上能伤害到我的人，,0
暂时还没有出生。,0
如果你是担心我，,14
大可没必要。,15
不会吧？,4
[ch-0]将军，,1
此次调兵回咸阳，,0
辛苦了。,0
匈奴那边最近可还消停？,3
等一等，,0
这件事不对劲。,0
以色列人啊，,0
你要听！,7
耶和华是我们的上帝是独一的主。,0
你要尽心、尽性、尽力爱耶和华你的上帝。,5
我今日所吩咐你的话都要记在心上，,5
也要殷勤教训你的儿女，,5
无论你坐在家里，,14
行在路上，,0
躺下，,0
起来，,0
都要谈论；,5
也要系在手上为记号，,5
戴在,0
好了，,12
不说这么多了，,13
都是一些不开心的事情，,0
来，,5
吃烧烤吧！,5
是。,11
虽然我知道自己长得不好看嘛，,14
也没啥钱，,13
空有一身武力，,0
头脑简单，,0
但是我保证，,15
从今以后有我在的一天，,14
就没有人能欺负你。,13
哦，,2
原来是[ch-1]先生啊，,2
记起来了，,0
你们这是？,3
你十五年后，,0
再考虑孙子的问题。,0
知道。,11
多谢[ch-0]提醒了。,0
哦对了[ch-1]，,1
他们说[ch-0]和[ch-2]的比武视频，,0
有录制下来。,0
啪啪啪,0
他没事了。,0
他是不是认识[ch-1]世子妃？,4
[ch-0]。,1
东方哥哥,1
[ch-1]兄，,1
你似乎还不明白案子的严重性，,10
有人在城内大开杀戒，,0
上百条人命，,0
还杀了两名城卫，,0
任何牵涉到的疑点你觉得[ch-0]为何进入[ch-1]氏的事不交代清楚能过得去吗,4
你认识城主也不是一天两天了，,0
这个时候隐瞒不合适吧？,4
让大叔担心了，,0
那天我哥来保护我了，,0
所以。,14
真没见过啊，,13
第一次见面。,0
七岁儿童未老先称阁老，,0
三旬叔父无才却作秀才,0
你才知道啊！,2
是！,11
我需要骑术么？,3
我骑马儿的时候它们不知道有多乖,0
不过，,14
他是有办法恢复的，,15
至于那只小鲲鲨,14
陌陌，,1
和我回去,7
客官要买盐还是买茶？,3
会直接冻炸成碎片，,0
所以本座为它起名为碎空门。,15
算了，,2
闹到领导身边不好看，,0
不就是买个钢笔吗？,4
是。,11
不用，,13
吃不饱的话，,14
咱们一会儿再去吃酸汤饺子。,9
是的！,11
好。,12
他妈妈更是幼儿园的股东，,0
手里还握着其他贵族学校的股份，,0
想要特权，,0
这身份呢，,0
我先跟你说明了，,14
再说说事实，,15
你好好问问你女儿，,7
是不是她先在课堂上拿铅笔盒砸人的？,3
[ch-0]也不错。,0
[ch-0]啊，,1
回去以后记得详细的把这次的事情用书面的形式打出来，,7
我们还有很多不明白的细节需要研究。,0
这几天你也辛苦了，,0
你就这周内给我吧。,7
我的手机。,0
诶，,1
是[ch-0]啊，,1
您今个在酒吧玩的怎么样？,3
怎么，,3
我说话就不认识我了？,4
怎么了？,3
不是瞧不起你，,13
只想问你，,14
我若是修为上超过了你，,14
又如何？,3
这是我做的。,0
好，,12
现在就过去吧！,9
哦对了，,1
这是我的一个朋友，,0
麻烦你好好招待一下她。,7
哈哈哈,0
是。,11
这。,0
拳武协会的文件是不是你临时捏造的？,4
你是？,3
好，,12
卖给夫人，,0
但不用二十两那么多，,15
按照正常价格就可。,0
原来是为了这个。,0
不过我问过[ch-0]了，,14
他好像不赞同离婚啊。,13
他不赞同，,13
就说明他不认为这段婚姻该结束。,13
[ch-2]啊,2
老爷子，,1
他们在外面等着。,0
没事，,0
我们明天再吃饺子，,9
今天可以吃面条。,9
看来，,0
大兄似乎遇到了什么难处。,10
不如说出来听听，,9
或许我能出手相助一二？,4
你们是一个孤儿院长大的？,3
[ch-0]，,1
我们这边听从你的建议尽量的布置各种防御阵法，,0
能抵挡巅峰大宗师攻击的防御阵法就布置了一百三十五层，,0
加上其他手段，,0
应该没有问题了,10
她在那里，,0
你直接把她带走吧。,9
只能沿途去查她们留下的记号。,15
哈哈。,0
不饿！,13
我我脑子有坑。,0
朕想做个统一天下的霸主，,0
让后世史书上都记下朕的功绩，,0
让天下万万民都臣服在朕的脚下，,0
所以,14
[ch-0]先生，,1
我刚才还说了关节炎和神经压迫的问题。,0
不是答应了，,3
和大叔你一起找工作的吗？,4
走啊，,2
一起去游乐场吧,9
从你们踏入这座冰棺内，,0
嗅到这里的神香，,0
发现了这里石池中的神乳时，,0
诅咒者挑选就开始了。,0
阿姨，,1
[ch-2]没多大事，,0
就是让人打了一拳，,0
现在我送他去医院。,9
行！,12
总归[ch-3]不能姓[ch-0]，,13
即是君家愿意叫你带子入门，,14
那[ch-3]姓什么都是小事了，,0
反正你们母子不用分开就成。,15
真的是老夫人所为么？,3
我说过，,0
道歉，,0
你犯了错，,0
就该道歉！,15
他的眼睛不大，,0
稍显细长,0
我知道你，,0
你是妖怪养大的。,0
所以才会让您看书？,4
至于[ch-1]他的话听听就行了，,14
还是躲着点儿好。,9
回姑娘的话，,0
那人是兵部左侍郎[ch-0]的妻子，,0
[ch-2]夫人。,0
那我们就拭目以待吧！,9
你们叫我一声[ch-0]，,0
我便不能亏待你们，,13
我放话在这，,0
这酒吧里其他的女人，,0
只要你们能看上，,14
我[ch-1]一句话就让她乖乖到你们房间等着，,0
全场美女，,0
随你们挑。,0
那好吧！,2
总裁你没事吧,0
你回去告诉家里，,7
我去白善家了。,0
怎么了？,3
啊，,2
没有，,13
原来是保洁员啊，,2
我知道了，,0
先走了啊拜拜！,0
好，,12
给你三分钟时间，,7
把你能叫到的人都给我叫来，,7
如若不然，,14
今晚你走不了。,15
[ch-1]啊，,1
你要记住，,5
这个世界上越是没见识的人越喜欢用自己的思维去固定一件事情，,0
在我们自己没有得出结论之前，,14
千万不要信任何人的话。,13
这前面都是凑数的，,0
我们学校吹奏部也就是这个水平。,0
后面的人水平要高一点，,0
和你一个水平的，,0
大概有三个人。,10
现在外面那些东六域的家主都在候着，,0
他们的下场全凭你一句话，,0
你想怎么办啊？,3
将繁星送去哪户人家，,3
由我亲自来挑选。,0
[ch-0]先生，,1
这这问题恐怕不妥，,10
没有证据的指控，,0
这是诽谤。,0
他应该有魂导器，,10
爆炸后瞬间，,0
产生了无数的寒雾，,0
遮盖了视线，,0
弥漫整个擂台，,0
他随时可以重新带上去他的计划连这点细节都能算到！,2
你是。,3
随即选取。,0
那父母都牵着你的手一起走如何？,3
未将此次来上海亦有顺带巡视南大洋的任务，,0
带有三十多条战船，,0
[ch-0]若是急于成行，,14
不妨与未将一道南下，,15
在嘉禾里（今厦门，,0
福建水师提督府所在地）盘恒数日，,0
挑选战船、士卒，,0
再顺道南下广州。,0
皇上，,1
微臣暂时不考虑这件事。,13
以前我最怕我爹考我算术，,0
后来，,0
我爹教了我一种速算法，,0
有二十六句口诀，,0
由高位算起，,0
再配合指算，,0
不用算盘，,13
看一眼就能算出答案。,0
你要是想学，,14
我可以教你。,15
姐，,1
您的孩子现在也在您身边吗？,3
他应该很孝顺吧？,3
奴才不想，,13
奴才想长久伺候主子呢。,0
我们怎么办？,3
哦，,2
[ch-0]啊。,2
唱《黄土高坡》的都打扮得珠光宝气，,0
演[ch-0]的卸了妆一点都不悲惨，,0
听说她还想嫁个大款这说明了一个真理，,0
别人的痛苦才是你艺术的源泉，,0
而你去受苦，,14
只会成为别人的艺术源泉。,15
跟着我出门，,0
哪有让你给钱的道理？,4
我也不清楚，,13
明日，,0
自会有人来和我说。,15
多谢先生提醒了，,0
既然如此，,14
我姐妹的身家性命便拜托给先生了！,15
那就是你们的事情了，,0
好了，,12
20分钟，,0
计时开始。,0
连[ch-1]都不曾见过哦不，,13
连我自己都不曾见过。,13
就像你说的，,14
两眼一抹黑，,0
只能等死，,15
我们得想办法，,0
把此事的来龙去脉弄清楚了，,0
才敢说有对策。,15
第二。,0
是吗，,3
我在门口买的。,0
孤跟你说真的，,0
既然你师父已经默认了孤与你单独在一起，,14
那便是不反对了，,15
孤明日就下聘提亲,15
呵，,1
你开玩笑吧！,4
[ch-1]？,3
我不怎么了解，,13
不过[ch-0]一定知道。,15
其实是我是皇上的人,0
那[ch-0]的伤情你很了解了？,3
[ch-1]，,1
来过来过来。,0
先让那些回去，,7
其余人分开找！,7
什么事啊？,3
是，,0
一支是卫冕冠军，,0
一支获得开赛之后的四连胜，,0
这的确不好预判，,13
但这场比赛同样吸引人的地方，,15
是在这场比赛之外，,14
两个人中的一个已经准备好要穿上[ch-0]的秘密内衣了。,0
您知道吗，,3
我们在这边这么小声的说话他都能听得到。,0
对了，,12
你今天怎么有空来作坊里，,3
不会是有什么事情吧？,3
我们不应该这么早出去,13
[ch-0]，,1
盯着他，,7
把他的照片打印出来，,7
发给我们的卧底特工，,7
让卧底特工在假巴洛下飞机时，,0
在他们从撤退路线上现身，,0
但是,15
是。,11
是的[ch-1]，,11
就是她！,2
我家里那边最近有打电话吗？,3
是我那个时间点的月亮。,0
你就是[ch-0]吧！,2
假如我没猜错。,14
爸。,1
是大能。,0
听说他近期在筹备开一家娱乐公司，,0
他一个房地产商进军影视市场，,0
不用猜就知道是为了谁。,13
他应该有联系过你吧？,3
[ch-0]，,1
呆这干嘛，,4
进去吧，,7
我刚输了，,0
帮我赢两把回来。,7
谢谢，,0
啊对了，,0
刚刚那走出去的是,0
你没有听错，,13
[ch-1]就是说要脱离奴籍！,2
在去[ch-0]家的那天，,0
你可有听到什么奇怪的话。,4
哦对了，,2
你是叫[ch-2]吧！,3
麻烦你帮我招呼一下我这位朋友，,7
我马上回来。,0
你想把[ch-2]战死的消息告诉他的妻儿是吗？,4
[ch-0]在医院还总说手机不见了。,13
是。,11
是的，,11
但是只参与一个。,15
这茶水已经冷了，,0
帮我弄杯热的来！,7
我奉劝你一句，,0
凡事最好讲道理，,0
并不是谁有钱谁就是大爷，,13
谁就是规矩，,0
另外，,14
在你对我动手之前，,0
我建议你先请示一下这里的管家，,5
你问问他。,5
明白么！,4
不需要。,13
我当然不会让恶人逍遥法外，,13
只是要告诉你，,14
相比起惩戒，,14
最重要的是保护，,15
让世界变得更好。,15
原[ch-0]家与君相公家订了亲事，,0
只是[ch-0]大爷一去，,14
君相公就反悔了，,15
刚刚两家退了亲，,0
[ch-0]家虽然有钱，,14
可到底君相公势大，,15
他们家很怕君相公报复，,0
正想找个依靠呢，,2
在我看来,0
阁主好好休息吧，,5
我就不打扰了。,13
至于九微我觉得惩罚是可以有的，,14
就让他在外面跪上半日，,15
好好反省反省，,9
阁主觉得如何？,3
第二十二个，,0
好家伙，,2
压轴啊！,2
干屎不是这么用的。,13
看到你们的样子，,0
我就知道有问题。,0
你们到底是怎么从力特教手里逃出来的？,3
没想到[ch-0]夫人这般贪心。,13
大叔。,1
九岁的时候吧！,2
我知道。,0
奶奶奶奶，,1
慢一点啊！,2
我知道了，,0
这件事情呢我会给你一个交代！,8
你们等等！,7
再加点儿根进去。,5
噗！,2
不出去，,13
谁来喊也不出去。,13
要去贺兰山？,3
我早就听说过贺兰山的大名，,0
可是从没有去过，,13
要不然咱们先准备准备，,9
明天在出发？,3
爸爸，,1
妈妈，,1
您们好。,0
换一个婢女。,7
好的[ch-1]先生，,12
听您的吩咐，,0
是想要他们一条腿，,0
还是什么呀？,3
别怪二叔我没提醒你啊，,7
如果老爷子知道因为若若打人，,14
丢失了[ch-0]这样的大客户，,15
你觉得他老人家会怎么做呀？,4
我父皇之诚意，,0
绝对没有丝毫其他想法。,13
殿下若是愿意，,1
可派人进城去见我父皇详谈，,15
我可留在此处为质。,0
待得事情谈妥，,14
再回城里去。,7
我不认识。,13
要去军营训练？,3
我马上给你把行程排开！,8
这不重要，,13
重要的是把你带在身边，,0
我贼有安全感，,0
安全感你懂吗？,3
能让一个女生产生安全感，,0
这绝对是对于一个男生最高的荣誉。,0
喂。,1
哎，,1
好嘞！,12
冷静，,7
少喝点。,7
我来守着就可以了，,9
你也去吃点吧。,9
[ch-1]？,3
你知道这些才多少钱吗？,3
支持这个[ch-3]倒是不难，,13
只不过我担心万一[ch-3]夺位失败，,14
最后波斯还是被那个[ch-2]掌权，,15
恐怕这个[ch-2]会对咱们[ch-1]心怀不满，,10
从而影响到现在两国的关系。,15
你是怎么做出这种判断的呢？,4
她妹妹和我妹妹是朋友，,0
放假的时候经常跑到我家来玩。,0
行。,12
真正的大小姐，,0
就应该是这个样子，,15
又萌又凶。,0
你别忘了，,7
这几年你在狼牙的档案都会被封为绝密，,0
除了安保集团，,0
你无处可去啊。,13
我没有生你的气,13
这倒是没说，,13
不过明城中学和实验中学的第一名已经确定了，,14
两个人成绩还一样，,0
是其他学校的黑马？,3
你似乎改了名字？,3
我有钱，,0
所以娘，,14
你答应让大头他们跟着我去京城了是吗？,3
来要钱是吧，,10
你们运气真不错，,0
我二哥不在家。,0
火箭队的这一套进攻战术很新颖，,14
但是他们四连胜的对手里面，,15
有三支实力都不高，,13
唯一的一支掘金队，,0
还输在措手不及，,0
热火队虽然开局不佳，,13
但毕竟上赛季夺冠阵容没变，,15
加上火箭队的战术慢慢被摸透，,14
所以我更看好热火队。,15
好，,12
加入！,2
我们两个一起加入，,9
怎么样？,3
这绝对不是你的错觉！,13
不，,13
不，,13
我站着酒可以了，,0
我先自我介绍一下，,0
我是本地枪手组织的首领[ch-0]，,0
这次是亲自向[ch-1]先生负荆请罪（汉语）的！,2
摄政王莫恼，,5
朕朕也不知这是怎么一回事，,13
朕朕不会逃避责任，,13
朕会给摄政王，,8
给公主一个交待,8
好说，,0
这样，,0
我们赌一次怎么样？,3
没什么。,13
可惜，,14
黄花菜都凉了。,0
哈哈，,0
[ch-0]，,1
你自甘堕落，,0
投效于[ch-1]，,0
却来看看他们护着你吗？,4
我自己逛逛就行。,9
[ch-0]，,1
原来你对我还是很情深意重的，,0
要不然也不会对我这么熟悉,13
上次许你们的股份，,0
我和干娘商量过了。,0
大叔。,1
[ch-2]姑娘不必多礼，,5
快请坐吧。,5
昨天的车祸真相如何？,3
论家世，,0
[ch-1]家与我们[ch-0]家不相上下，,0
还能互相补足！,2
老婆，,1
你不生气？,3
虽然我希望火箭队能赢，,14
但是我想赛季第一次交锋，,15
[ch-0]会取胜。,10
我身边真的没有什么合适的。,13
你这孩子说什么呢，,4
什么冲突？,4
我去登门道谢啊！,2
大叔啊，,1
你是不是不喜欢看电影啊，,3
没事的，,0
要不我们明天去美食街吧！,9
南临市内，,0
拥有灵力的人不少吧，,10
为什么你们三十六局人数并不多呢？,3
是没有邀请他们加入，,3
还是他们拒绝了？,3
有件事情交给你去办。,7
我并不是真的要离开石村，,13
而只是去完成[ch-0]交代下的一次磨砺，,15
想出去转一圈，,0
很快还会回来的。,0
你自己看。,7
到了就知道了。,0
话说[ch-0]到底是谁，,3
怎么我光是耳熟，,4
但就是想不出来？,3
他连男性朋友都没，,0
性取向应该是女吧，,10
也没有问题。,13
[ch-1]先生真贴心。,2
不过，,14
您放心，,8
就算您不叮嘱，,14
[ch-0]小姐的照片我也一样会好好处理。,8
[ch-1]先生还有事吗？,3
如果没有其他事，,14
我先走了。,9
少爷，,1
我和你一起去,9
你好你好！,1
是啊，,12
正所谓，,14
站得高，,0
看得远，,0
只要站得够高，,14
地上的人便变成了蚂蚁般大小，,15
而老师飞到了天上，,14
自然就能把整个大地看在眼里，,15
而此时的大地就变成了一颗球状，,14
所以臣称它为地球。,15
实在没有精力跟[ch-0]谈，,13
咱们还是改日再说吧。,9
再喝一口汤，,5
看可好些？,3
就是昨晚说的常温超导材料的事情，,0
我请示了领导，,0
决定明天上午派几位专家到你们公司考察一下，,0
确定材料的性能。,0
然后再说其他的。,9
这。,0
以前在学校认识她的时候，,0
她也不是这样。,13
听说后来家里出了些变故，,0
整个人就变得不一样了。,0
我问她你去哪了，,0
她说大晚上离开了，,0
我还以为是她在骗我。,0
[ch-1]老师单身还是？,3
好，,12
你带陛下走，,7
但是我必须跟着，,15
你放心，,8
我不会带很多人，,13
等到了安全的地方，,0
你把陛下还给我，,7
我让你走！,9
除此之外都免谈，,13
若是陛下有个好歹，,14
大不了我[ch-0]以死谢罪！,15
没事，,0
现在还给你们，,0
手机就在袋子里。,0
不了，,13
我对这些比赛没什么兴趣。,13
你又不是不知道，,13
我就一正团级干部，,0
哪能影响到地方啊。,4
你先给我说说到底是啥配方，,7
我给领导汇报一下，,9
只要上面领导拍板，,14
要进去一个人还不容易？,4
那件事情上[ch-1]本就脱不了干系。,13
不对啊，,13
今早[ch-0]医生给我们安排了103病床。,0
我不需要车，,13
谢谢。,0
上次我们一起过来的山洞，,0
你还记得吧，,3
把衣服带上，,7
再带一些面包和水，,7
过来这里。,7
是，,11
[ch-2]先生。,1
家主！,1
如果只你我一人有所觉，,14
还能说是错觉。,15
可现在，,14
你我都感觉到了,0
他有自己的事情要做，,0
总要给他一点时间适应新的身份，,9
啊，,2
对了，,0
在他回京之前，,0
不要让[ch-2]的身份外泄，,13
不要让人知道，,13
他是[ch-0]家的[ch-1]太子！,2
她不知道我是男性，,13
你记得不要告诉她。,13
这还是主人考虑得周到全面。,0
[ch-0]先生，,1
你听明白了吗？,3
好，,12
我答应你，,8
在你回来之前，,0
整个江城市，,0
没有人能动你大哥一根汗毛。,13
魔焰滔天，,0
道消魔长，,0
既然他来了，,14
我们就离去，,15
潮涨潮落、云起云落，,0
此乃自然之道。,0
大哥。,1
我卖我的药，,0
是我的事，,0
和你没什么关系吧！,13
我从不在意军衔这些虚名，,13
只是你父母要我在部队做出一番成绩才能准允我们正式举办婚礼，,14
这次我若回去受到处罚，,14
恐怕还要让你再等上几年,10
我知道。,0
你就是[ch-0]吧！,2
在他的带领下人们开始向这些感染者发动反击，,0
这些变异的感染者节节败退，,0
被一举赶到了极北之地，,0
他又带领大家在极北之地和冷山高原之间建起了冰雪长城，,0
将那些感染者阻挡在外。,0
就在大家准备享受和平之际，,0
这位超能者突然神智错乱，,0
他也受到了感染，,0
他对昔日,0
开始！,2
加成有什么用？,3
诶。,2
好的[ch-0]先生，,1
您慢走啊。,5
先生说了，,0
他已经没什么东西可教我了，,0
剩下的就要靠我自己去积累经验，,0
以及我在造船方面的悟性了，,0
而且今天比平时凉快了一些，,14
所以我就和[ch-1]姐姐一起出来转一转！,15
梦见什么梦见？,3
我[ch-0]活到现在，,0
还从来没有给人下跪过。,13
听不懂人话啊，,0
去泡一杯茶，,7
人家大老远来这一趟，,0
难不成茶水都不给喝一口啊？,4
[ch-0]哥，,1
别愣着了，,7
赶紧动手啊，,7
这种小偷让他开口都是给酒吧制造噪音。,0
怎么，,3
[ch-0]老师还想给她求情吗？,3
早些睡，,5
不多休息的话有你小子好受的！,7
我们不需要，,13
请走开,7
将不会有任何势力能够选择独善其身！,13
要么被毁灭！,2
要么被收编！,2
大楚国是怎么来的？,3
就是被他们逼的！,2
否则的话，,14
我楚家山庄远离俗世，,0
那里景色优美灵气充足，,0
何必要趟进这趟浑水？,4
耳旁风是不是？,3
如果还有下次，,14
你自己引咎辞职吧！,5
记住，,7
他是我们华美集团的贵客。,0
怎的说出这种丧气话？,4
我的确是个普通人，,0
但不代表普通人就该受到不公平的待遇！,13
他身上有重大嫌疑您不知道吗！,4
少装蒜。,7
看来要打一顿才能想起来啊！,2
转回正题，,7
你是铁了心要娶她？,3
可不就号丧呢，,14
我一个寡妇，,0
男人死了没一个月家都没偷光了，,0
你说是不是欺负我们周家没人了？,3
赶紧让[ch-2]去喊警察来！,7
我来领教一下阁下的功夫，,9
口出狂言，,0
是要付出代价的！,2
撤！,7
你最好给我想办法拒绝了。,7
放开。,7
你们信两个黄口小儿带来的东西？,4
别以为有[ch-2]帮着你，,14
你就可以无法无天了，,15
我就不信我和[ch-0]加起来，,13
还没办法把你弄死。,13
你的实力还不足以独战一位魔帝，,0
莫要太过逞强，,5
知道你这一次是过来代替那位道子出战求死的，,0
但好歹让自己死的更有价值一些,15
用不着！,13
你们希望[ch-1]愉悦的退学继续浪荡，,3
还是想让她上门给你们道歉，,3
并且以后在学园夹着尾巴做人？,3
道歉？,3
你要护着的这名服务员，,0
给我们送毒酒，,0
我要个说法，,9
有问题吗？,3
我今天会让那两个女人向嫂子跪下道歉！,8
我父母呢，,0
为什么是这个女人在这，,4
把她赶走，,7
我不想看到她。,13
大叔叔，,1
这是女孩子的房间，,0
妈妈说男人不能随便进女孩子的房间，,0
要先敲门才行？,5
老爷子，,1
大嫂叫你一声爷爷，,0
那是把你当作亲人，,0
血缘关系可不是嘴上说断就能断的，,13
好歹这些年大嫂也帮[ch-1]家挣了不少利益吧！,2
明明到明年2月才到期，,0
为什么现在就提醒我宽带欠费了。,4
能否给个解释。,3
带下去，,7
打五十大板,7
你以为这世界上不公平的只有你一个人啊？,4
哼，,2
西伯侯乃是真正的大贤，,0
未来的文道圣人，,0
堪比道君的存在，,0
岂是你这个亡国之君可以污蔑的！,4
你故意来的吧？,3
什么公平的待遇啊？,3
勾结的是宁城罪恶集团头号逃犯[ch-0]！,2
祸从口出你不知道啊！,2
看来你是不打算选择我给你的第一条路了。,2
脑子呢。,0
另外，,14
把这条视频给我好好存储起来，,7
[ch-1]想毁灭证据，,0
休想，,13
给拳武协会的[ch-0]打个电话，,7
给我好好问问他，,7
做人可别忘本。,7
不合适你还穿这件？,3
行了！,2
谁抓住这小子，,0
赏银五百两。,8
弟弟我一定为你讨回公道！,8
[ch-0]的确和我没认识几天，,14
但公道自在人心，,15
喜欢一个人，,0
难道就要受到不公平的待遇吗，,4
被当作废狗一样的殴打吗？,4
你身为大哥，,0
难道忘记了我三天前跟你说的话了啊？,4
你给我小声点儿，,7
这话要是让别人听见，,14
小心让你吃不了兜着走。,15
我是谁不重要，,13
重要的是你和你的朋友惹怒了我[ch-0]家族最尊贵的朋友，,0
我宣布，,0
今夜你们将无法站着离开这里。,0
另外[ch-0]，,14
凭你刚才的行为完全可以认定你私自放跑嫌疑犯的行为，,0
你知道这个[ch-1]干了什么吗？,3
再说，,14
我的女儿我自己会管，,0
我自己能养，,0
不劳烦[ch-0]家帮忙，,13
我们已不是[ch-0]家的人，,13
[ch-0]家的利益也和我们无关！,13
我被催债了快递小哥你能靠谱点么,4
冥妄，,1
本座赐你草薙剑，,9
去杀了那个敢自称龙帝的蝼蚁。,7
做人自觉点好吗，,4
别总是以为什么都是应该的！,7
我说过，,0
不管付出任何代价，,14
也要确保[ch-0]太子的生命安全，,15
整件事情难道还不够清楚吗。,4
[ch-1]，,1
不要执迷不悟，,5
老爷子养你的女儿，,0
是给[ch-0]面子！,0
就你那样，,0
给你妈妈留点面子吧，,5
太阳你先祖,1
[ch-3]啊，,1
这次请你来确实是有点事，,0
就是你们集团今天刚刚招进来的[ch-1]，,0
那个上门女婿的弟弟，,0
我想弄他！,0
哦，,0
我明白了，,11
原来你就是个窝里横。,0
快点把人放下来。,7
不用说了，,13
[ch-1]！,1
和我没关系？,3
此事你们可还有言语？,3
下班已经步行快到家楼下，,0
突然收到这个消息，,0
lz现在想砍人,0
这件事情由你们而起，,0
不给我一个合理的交代，,13
[ch-2]啊，,1
我看你也不用干了！,13
说，,0
他在哪！,3
本公主什么时候连这点权力都没有了？,4
肤浅。,0
告诉她，,7
爸把她接回来，,0
都是为了她好，,0
至于其他人，,14
我管不着，,13
如果她自己要是想不通，,14
那就一辈子关在这里，,15
不吃饭，,13
就不准出去！,13
团座！,1
快放开她，,7
我可以饶你一命！,0
我待会倒是要看看，,0
你还怎么牛逼？,4
动手，,7
我要见血！,7
吞吞吐吐的，,0
有何说不出口的？,4
对，,12
这个[ch-2]是在撒谎，,0
他在为自己的罪行找借口，,0
我猜他大哥现在已经死在医院了，,10
他就是想栽赃嫁祸给[ch-0]！,2
拜托看看现在多少度好嘛，,4
学校能不能用用脑子,4
哼，,0
不保护就不保护，,13
想要保护我的人多着呢！,0
本座可不会让自己的儿子，,13
叫别人爹。,0
从小到大，,0
我为了坐上集团的董事长，,0
我拼命地学习，,0
按照您的要求去做，,0
不管是出国留学，,14
还是家主联姻，,0
我都照办了，,0
可你呢！,2
你叫[ch-0]是吧！,3
这个名字我记住了，,0
得饶人处且饶人，,0
放了他，,7
我欠你一个人情，,0
以后还你！,8
这是什么意思啊？,3
还是要我嫁给一个傻子呗？,4
笨蛋，,1
我要是不这样说，,14
他心里能愧疚，,15
然后自己主动去吗？,3
等会我不仅要动你们手指头，,14
还要把刚才那一巴掌成百上千地还给你们。,15
[ch-0]，,1
立即向[ch-2]董事长道歉。,7
让开。,7
你还替他们说话？,4
既然这样，,14
那就别怪爷爷不客气了。,15
咳，,2
额额。,2
小矮子啊，,1
爷爷来教你做人。,9
咱们少爷没了前途，,0
那两个王八蛋也要付出惨痛的代价！,0
还不快走？,4
怎么就和我没关系了，,4
啊，,2
这条街上的人万一哪个买你的药出了事，,0
我们这些摆地摊的还不得被你连累到啊？,4
三分钟内，,0
我要这份文件公布出来，,0
要是做不到，,14
你就等着被撤资吧！,15
想清楚，,5
你自己在为谁做事？,3
所以，,14
请你们把[ch-0]还给我！,6
要不是你取代了我的直播间，,14
踩着我上位，,0
你能有今天？,4
[ch-2]啊，,1
今天晚上我把[ch-0]交给你了啊，,9
你要是不让她玩的痛痛快快的，,14
小心我揍你啊，,7
记住，,7
十点之前，,0
必须回来！,2
[ch-3]，,1
是不是你跟[ch-1]太太说了什么？,3
在背后乱嚼舌根你不觉得太没意思吗？,4
绝对不允许给我出现任何问题，,13
否则，,14
家法伺候。,15
姓[ch-0]的，,1
那天让你侥幸跑了，,0
今日我新账旧账一起算。,0
你去跟他说，,7
劳资现在没空,13
大姐，,1
又怎么了？,3
我这短裤七十买的，,0
刚穿两天就坏了，,0
你还想干什么？,3
传令，,7
所有人即刻出发，,7
十分钟内，,0
我要包围整个局子，,9
同时以我的名义向外界发布一条消息，,0
我[ch-0]家，,0
即刻解除与[ch-1]家的联姻。,0
[ch-1]，,1
我[ch-0]不需要你可怜，,13
没了你，,0
我也能一个人活得很好，,15
要我走你说一声，,5
我自己走！,9
我和二弟，,0
绝不可能和你们这些穷凶极恶的魂兽同流合污。,13
你们百骑司给朕省省心，,5
以后多把目光盯在关外和西域辽东，,7
不要什么狗屁倒灶的事情都盯着，,13
两个小娃娃的嬉闹你们也上报,0
我说了，,0
这酒我只是帮一个服务员送过来，,0
不是我调的！,13
你先说！,7
往哪撤呀？,3
我怎么不知道？,4
可我没想到，,13
你是这种人，,0
虽然[ch-0]和我认识没多久，,14
也没见过很多面，,13
但是我承认，,15
她是我这辈子遇见过的，,14
最喜欢的女孩儿！,2
我知道你们都是好意，,0
可是离婚这件事，,14
我是认真的。,0
我和[ch-1]，,0
也必须结束这段婚姻！,0
以后，,0
我永远都不会再碍你们的眼。,13
你要再大点声，,14
真该把爷爷他们都招来了。,15
去，,7
抽三十下回来！,7
去，,7
传令其他人，,7
让他们坚守好自己岗位，,7
这个[ch-0]是块硬骨头，,0
看见他直接开枪，,7
不要犹豫！,13
什么时候能让人好好吃顿饭广播体操一边去,4
喂，,1
我我是江城市第一银行分行行长[ch-1]，,0
我要报警，,0
嫌疑犯[ch-2]刚刚在酒店打残[ch-0]少爷，,0
现在驱车逃离现场，,0
快快把他抓回来不能让他跑了。,7
我本来要还手的，,0
但想到他是[ch-0]介绍来的，,14
打他，,0
不等于打[ch-0]吗？,4
你就进来看一眼啊？,4
到底怎么回事，,3
也不说个清楚？,4
那就快点抓紧时间把电修复好了。,7
祖父，,1
水榭是母亲旧居，,0
祖母不许寻常人进入。,13
你家穷揭不开锅了吧，,4
想上我家蹭饭，,0
你交伙食费了吗？,3
[ch-0]，,1
看来咱们的董事长还没听清楚，,10
你给她说说。,5
别狡辩，,7
还有没有别的了！,4
我派去抓[ch-1]的人因为你的人错过了大好时机，,15
还害得我的老巢被人一锅端了，,15
你说我不来找你，,13
我找谁去啊？,3
未免也太不把我放在眼里了吧！,10
给我让开，,7
我要去参加一个重要的宴会，,9
别耽误我时间。,7
通知你一下，,0
三天之后我会派人来江城接你们两个回来，,8
你把她给我看好了啊，,7
要是再让她跑了，,14
我唯你是问！,15
你觉得若若还能在这个家呆下去吗？,4
[ch-1]道友，,1
你好样的，,2
竟串通[ch-2]，,0
让其在我等眼皮子底下进入了荒神墓！,2
不是的。,13
我倒想看看，,0
是哪个家伙胃口这么大，,4
敢对我[ch-0]家打歪主意。,2
别动！,7
学校的监控属于机密，,0
是你想看就能看的吗？,4
你不去房里安慰[ch-0]，,13
跑到书房里发呆？,3
无所谓了，,13
可你猜怎么着，,4
这家伙不仅不听我的话，,13
还趁我不注意，,15
给了我一拳！,0
[ch-3]，,1
这孙子太嚣张了，,2
我想上去弄他去！,2
我知道了，,0
以我的名义向外界宣布，,7
这次联姻的取消，,0
是我[ch-1]家看不上[ch-0]家千金！,13
我没错。,13
就一句话，,0
昨天晚上[ch-1]行长的儿子被人打断双腿，,0
而罪魁祸首不是别人，,14
正是[ch-3]这个废物的弟弟[ch-0]，,15
[ch-1]行长一气之下，,0
就迁怒我们[ch-4]家，,15
给我们下达了贷款还期命令。,0
说呀，,7
怎么不说话？,3
什么密叠司，,3
我听都没听过。,0
走什么走，,4
我带你来就是参加家族会议的，,0
你在[ch-0]家这么多年，,0
理应是我们[ch-0]家的一份子，,15
难道我[ch-0]雨霜的老公就不是[ch-0]家的人了吗？,4
退钱，,7
退钱！,7
整件事情是因他而起，,0
我刚才似乎听说每张邀请函只能通过一人，,10
那看看他有没有邀请函！,3
她一片孝心，,0
我怎么没瞧见她哪里来的孝心。,4
老匹夫，,1
你为什么不见我？,3
撤？,3
[ch-1]，,1
现在是我说你的问题，,0
不是[ch-0]，,13
你还是先管好自己吧！,5
拍了半小时只留了三张。,0
为什么？,3
回答我[ch-0]！,7
唉，,2
这男的怎么这么怂？,4
我不相信。,13
这一巴掌还算轻的！,0
尤其是我在[ch-0]家聚会那晚说过的那番话过后！,14
[ch-1]老师，,1
为人师长，,0
可没有你这样说话的，,13
我女儿有没有教养，,0
不是你说了算，,13
我们家虽然不算什么大家族，,14
但。,15
我问你话呢！,2
[ch-1]，,1
这个[ch-0]太嚣张了，,0
要不要我派人盯着他？,3
[ch-1]？,3
医药费如何与人性命相比，,4
我[ch-0]一生行医，,0
治病无数，,0
难道因为你身无分文就见死不救？,4
到底谁给她的勇气？,3
真是林子大了，,0
什么鸟都有。,0
举头三尺有神明，,0
[ch-1]，,1
[ch-2]，,1
跪下磕头道歉。,7
欸我说你有完没完呢，,2
你一来就问他，,0
他是你弟弟又不是我弟弟，,0
你问我算怎么回事？,4
小子，,1
你别嚣张，,7
等会有你好看的！,8
废掉皇后，,7
诛杀皇后家族满门！,7
我不管，,13
她是我的女儿，,0
今天我一定要带她走！,8
对，,12
确实没完呢！,13
大舅子欺负小侄子，,0
就为了一个女生！,0
请你把手拿开,7
都是那个叫[ch-0]的[ch-1]干的好事，,0
你放心，,8
妈一定给你讨回公道！,8
那我自己去拿监控！,9
告诉他们，,7
放弃对[ch-0]家施压的计划，,7
告诉国外那些原石供应商，,7
解除对[ch-0]家的封杀！,7
这几年，,0
我也的确是[ch-2]家的上门女婿，,14
但是你别忘了，,15
你们不要忘了，,13
[ch-0]已经被你们赶出[ch-2]家了，,0
而我，,14
也在你们宣布这条消息的时候，,15
就不再是所谓的上门女婿，,13
我[ch-1]，,1
是堂堂正正的人，,0
是一个父亲！,2
你想过我的感受吗？,3
行了。,0
那也不能在驴身上光写我的名字啊。,13
行吧！,12
收起你那点小心思。,7
够了！,2
明天我就让你知道知道，,9
什么叫做有钱有势就能为所欲为，,4
你就等着吧！,9
没一个靠谱的！,13
你怎么没把人带过来？,4
我在哪里好像和你没什么关系吧！,3
我已经从集团辞职了。,0
够了啊！,2
现在我问你一句，,0
你知道这意味着什么吗？,3
怜悯？,3
你紫金文明屠杀神目文明时，,0
可有怜悯？,3
她是我女儿！,2
当初我横乡赵家寨的满门上百口男女老幼，,0
可是尽为左近兴起的太平贼所残害，,0
数千乡党部曲皆为奴役，,0
却是千真万确的血海深仇啊！,2
父亲唤我来有事要问，,0
待事毕你同我去取就是。,7
有什么不可能的，,4
像他那种花心好色没有礼义廉耻底线的男人什么做不出来。,13
诶，,1
不许走，,7
我让你走了吗？,4
我知道，,0
我这不是在找谁收拾他吗？,4
这也就算了，,0
我这些年忍辱吞声，,0
我好不容易等来她被赶出集团的时刻，,0
这时候你又是怎么做的？,4
你不行！,13
姨姨娘，,1
老爷他从老夫人那里出来后，,0
就去了夫人那里了。,0
你还不知道哥的朋友圈啊，,0
即便京城的一流家族的少爷我也认识好几个呢，,14
咱不怕他们！,13
若若在幼儿园跟[ch-0]的公子打架，,14
还是她先动手的，,15
本来我赶过去已经差不多稳住[ch-0]了，,14
没想到[ch-1]和[ch-2]也来了！,13
下次喝水注意点。,7
你说你该不该道歉。,3
难道他不知道你哥我是江城赫赫有名的[ch-0]爷呀？,4
江城市的人调查到了没，,3
那个跟在[ch-0]身边的小子什么来头，,3
身手这么好，,0
是不是国外雇佣界来的货色，,3
另外那一批人是谁派来的？,3
我就不,13
[ch-1]！,1
你是个将军，,0
你可不能因为我同意你就同意，,13
你要有你自己的判断！,7
怎么，,3
不让说啊？,4
[ch-0]，,1
这里的基本都是你的前辈，,0
你不要多嘴，,5
免得让人说你不懂规矩！,2
去，,7
动用所有资源，,7
给我调查[ch-1]和[ch-0]，,7
先把他们的行踪传给[ch-2]，,7
另外，,14
把这两个人这几天做的事情全部给我查清楚，,7
绝不容许任何人给我在他面前做文章，,13
我要真相！,0
走？,3
这里可是舆岱山，,0
你敬酒不吃吃罚酒，,13
还这么冒犯我就算是天文会，,4
也不至于嚣张到这种程度吧？,4
不行，,13
走，,7
找他算账去！,7
行了，,12
去用饭吧，,7
用了饭便复习一下功课，,5
等消食后再午睡。,5
[ch-0]董事长，,1
你也太目中无人了吧！,2
你可曾想过，,4
假如你的双腿被人打断，,14
又该如何过呢？,3
快一个星期了快递还没到我要报警了,9
他想得不错。,0
这样有意思么？,3
真是服了！,2
呵呵！,0
找抽吧,2
[ch-0]是出了名的脾气好，,0
就是见到这种混蛋，,14
才出手教训她。,15
马上出发，,7
前往废弃工厂，,7
通知一下江城的[ch-1]，,7
把[ch-0]的消息告诉他，,7
让他以江城的名义开一次联合行动，,7
一定要把[ch-0]困住，,7
这次，,0
绝不能让他逃了！,13
心里面一堆火不知道往哪儿发，,0
只求买醉?,3
现在，,0
一名父亲来接自己的女儿，,0
请问有错吗？,3
爸你还在等什么啊？,3
打你电话为什么不接。,3
是啊老爷子，,12
这个[ch-1]太不识相，,13
不给他一点教训瞧瞧，,0
真以为自己是个什么,4
好不容易有物流，,0
还开心了下！,0
结果告诉我没到货没给我发出来这是干嘛,0
朕今日原本是只想睡觉的，,14
奈何爱妃委实不老实。,14
去安排。,7
不愧是风尘三杰，,2
二十年折磨仍旧磨不掉你的锐气，,13
好得很，,0
好得很，,0
老夫要回故土祸乱天下，,9
正需要征战四方的绝世猛将。,0
想的倒是美，,0
不过现在我也很开心，,14
不用担心。,13
这就是[ch-0]小姐吧！,2
这才对嘛，,2
来来来，,5
哥带你进去。,9
行！,12
好啊，,12
求之不得。,13
额呵呵，,1
原来你是在担心他的安全啊，,2
你放心吧妹妹，,8
你哥我早就打电话给江城的兄弟问过了，,0
昨天晚上废弃工厂里边死的全都是雇佣兵，,0
领头的[ch-0]膝盖全废了，,0
被抓进牢里，,0
那个[ch-2]，,0
他还活着呢！,2
能让自己欢喜心动的人，,0
在自己心里就是最优秀的。,0
去吧，,5
去了昌平，,0
安安稳稳渡过后半生。,0
别辜负了本宫这一番安排。,7
要发生，,0
早就发生了，,0
还用等到现在？,4
[ch-0]师兄，,1
你总算回来了，,0
这次可不能再跑了,13
那是障眼法，,0
要是轻易叫你们找到了，,14
那还叫藏银子吗？,4
给我拉，,7
拉上来我们就发财了,0
姐姐跟你开玩笑呢，,0
咯咯。,0
哎，,1
找到就好，,0
找到就好，,0
找到了我们儿子的双腿也有得治了，,0
太好了人呢？,3
是。,11
我觉得大哥哥说的有道理，,0
我身上确实少拼搏精神。,0
你叫我[ch-0]师兄便行了。,0
尊贵的客人，,1
不知道您需要什么奴隶。,3
[ch-1]呢，,1
不会是和太爷爷他们又去捡石头了吧。,10
好。,12
娘的，,2
这实在是太刺激了！,2
[ch-2]兄，,1
多谢你相救，,0
否则我今天必定会死在那[ch-0]手中。,14
好咧！,12
一天只刷十分钟手机感觉很好，,0
远离网络赞赞的,0
你同意，,0
保证两天内，,0
这笔钱就给你拨款下来。,0
这时候来一杯红酒会更舒服。,9
嗯，,12
口味不错，,0
你也别站着，,5
一起过来吃吧。,9
我可以帮你问东方裕，,9
如果他同意那就没问题。,14
你说？,3
我记得是我说的吧？,3
必须的啊，,0
我可是学霸！,2
自然是不错的，,0
比起春风得意馆的大家唱的也不错。,0
呵，,0
如你所见，,0
我的双腿被一位神医治好了。,0
谢谢！,0
走了！,2
喜欢。,0
是是是，,0
是我，,0
我是[ch-0]，,0
里面请里面请。,0
这就跟土粪差不多了。,0
往常咱没肥料用的时候，,0
不就是烧些草木灰，,4
掺和些土坷垃，,0
用来种麦子么。,4
槐子这么的一折腾，,0
多了猪粪和青肥哩，,0
只有更好！,15
这部分暂时由我负责哦,0
你说吃什么就吃什么，,0
我都无所谓。,13
你好啊，,1
[ch-3]，,1
[ch-4]！,1
诶，,2
[ch-0]大气啊。,2
恩，,12
身体素质还算是不错，,0
肌肉也还算是壮实，,0
挺适合挨打，,0
看来这次[ch-2]介绍了个不错的人呐。,2
看吧，,5
连[ch-0]都受不了了，,0
[ch-5]你将[ch-6]放到我那里去吧，,7
[ch-4]和[ch-3]如今都有身孕，,0
闻不得这样,13
是个人才。,0
哼，,2
呵，,1
这个大叔，,0
手机里除了华美集团董事长的电话，,0
居然连一个女孩子的电话都没有，,2
呸，,2
不对，,13
还有我的，,0
哎嘿，,2
呵。,1
真的吗？,3
我们现在就去好不好？,3
放心吧[ch-1]，,8
这事我帮了，,8
那个吃软饭的弟弟我也看不顺眼，,13
眼不见为净，,0
他就住在我们集团的[ch-2]宿舍，,0
你想收拾他，,0
随时都可以！,0
丫头，,1
去把几只兔子剥皮洗洗，,7
然后拿到火上烧烤一番，,9
今天咱们吃一顿肉食。,9
是啊，,12
大名鼎鼎的珠宝公司，,0
哥没骗你吧！,13
只要有哥在，,14
啊，,2
这江城市就有你的立足之地。,0
其实是反过来的，,0
俺们大金国是屡胜屡战，,0
所以才能屡战屡胜！,15
爷想了想，,0
爷得耐心点对你是不是？,3
嗯？,3
小狐狸精。,1
前辈这边走！,5
大叔，,1
你这么救我，,0
是不是喜欢我呀？,3
终于做完了！,2
[ch-1]，,1
还在期待吗？,3
我是想多腾出点钱去创业，,0
我已经想好我要干嘛了，,0
你放心，,8
等明年的今天我保证让你再次坐上法拉利。,14
[ch-0]小心，,7
这怪物刀枪不入，,0
着实厉害。,0
还是[ch-0]丫头有心，,0
知道何谓敬重兄长，,0
在这里我最大好不好！,0
是！,11
其中的意思，,0
你明白吧？,3
爸妈，,1
吃饭了，,0
今天的饭菜都是[ch-0]哥做的。,0
爷俩肯定以为，,10
咱们保住领土就谢天谢地。,0
指定卯足了劲，,0
要敲咱们竹杠呢。,0
我不是怕身上的味道熏着瑾儿吗？,4
我会给你带礼物。,8
那我就不客气了！,13
诶呦，,2
瞧您这话说的，,0
我正打算还呢，,0
您就上门了，,0
哎来来，,2
不急，,13
我们先喝杯茶，,9
[ch-0]啊，,1
去泡一杯茶来。,7
您老人家这次，,0
可一定要多住几天。,15
好！,12
对啊。,12
[ch-2]，,1
你别生气，,5
我也不知道为什么，,13
看到[ch-1]，,0
我就觉得他人很好，,0
特别想救他，,0
特别是在我有能力的情况下，,14
我做不到视而不见，,13
就像你永远冲在前线救百姓一样。,13
放心吧！,8
回来之后，,0
本公子亲自为你庆功！,8
羊排啊！,2
必须是羊排啊！,2
太皇太后您也吃辣的，,0
我跟您说，,0
那香辣小羊排保证您喜欢。,0
但的确没有什么好说的，,13
我本来都没打算参加比赛，,13
是校长给我做了思想工作。,0
我在宴会上等你们。,0
好，,12
慢走啊！,5
没想到[ch-0]不但衣服设计的漂亮，,13
连眼光都如此好，,0
我有信心，,0
她的才华，,0
加上我的宣传和造势，,0
不用一年，,14
一定能在国内的服装品牌里占的重要的一席之地，,15
我说的自大点，,0
论电商销货这块，,0
谁能比我更了解。,13
五哥我也去，,9
我吃桂花糕！,9
这位便是[ch-1]大名鼎鼎的案首[ch-0]公子吧！,2
好的[ch-1]，,12
我帮您预约一下，,8
好了，,0
预约好了！,0
你看，,5
趁机向我诉苦，,0
讨新衣裳穿！,0
你刚才说的是强者，,0
我又不是强者，,13
就没必要注重形象了吧。,13
那行，,12
下星期一来上班，,0
还有几天时间呢，,0
晚上哥带你去吃顿好的，,9
然后咱这几天哥带你出去玩玩。,9
这孩子就是容易害羞。,0
那本师伯就不多推辞了，,13
你这小家伙很有前途嘛，,0
以后多跟本师伯亲近亲近。,9
刚回来不久。,0
虫洞本身就是它身体的一部分，,0
而我们至今为止面对的怪兽，,14
都只是它身体上的跳蚤而已！,15
事情还没成呢，,13
成了再请我吃饭吧。,9
那送我回家，,7
我要赶紧把这个消息告诉爸妈，,9
让他们也高兴一下。,0
侥幸，,0
侥幸。,0
在呢！,2
好。,12
是，,11
[ch-0]！,1
是。,11
逮到了。,0
放心，,8
两日之后，,0
若是还未说服我爹，,14
我就亲自把电台送到你情报处，,8
我[ch-1]说到做到。,0
呵，,1
不急！,13
好嘞，,12
小伙子慢走啊！,5
她现在是我的女朋友！,0
是，,11
奴才不着急。,13
多谢主子爷。,0
那我们就这么约定啊，,0
谁都不主动说出自己的秘密，,13
像现在这样一直下去。,0
哈哈，,0
行，,12
于总。,1
谢谢[ch-1]，,1
您这么着急请我吃饭，,0
不会有什么事吧,4
好说好说。,0
大人现在可是蛮大人身前的红人，,1
该是我求您关照才是。,10
好嘞。,12
走，,7
今天是[ch-0]的生日，,0
哥带你回家吃饭，,8
正好带你见见哥的岳父岳母，,0
你话说好听点，,7
说不定明天上班啊就能换个清闲点的职位！,10
好。,12
我倒是注意到[ch-0]你来了，,14
只不过我看你刚才坐在那里时也一直沉思着什么，,14
似乎是有什么心事，,10
所以也就没有提醒陛下！,13
好，,12
太谢谢您了。,0
还是海里好啊！,2
这一船得有多少灵气？,3
想不起来就不想了，,13
我们现在不是很开心？,4
等我挣了钱就买房子，,8
我还带你去旅游。,8
看看这个世界有多可爱。,5
以前的事情过去就过去了，,0
咱们生活是要努力往前看的。,0
你喜欢小鲸鱼啊，,2
我也喜欢啊。,0
我是个裁缝，,0
所以我会绣这个小鲸鱼的。,15
来啊老弟，,1
哥给你介绍介绍啊，,9
这是咱们集团排名前十的美女，,0
人事部总经理[ch-0],0
我在比赛的录像里见到了你了，,0
冰冷而温和的绘画世界，,0
弹的真好。,2
怕了吧，,0
怕了就把制作流程给说出来，,7
说不定我们家也可以给你点甜头尝。,15
果然好提意！,2
[ch-0]夫人很有礼，,0
很好。,0
你放心，,8
我头一个就会把你带走。,8
说起来昨晚我还遇到了[ch-3]的[ch-2]，,0
他也帮我说了不少话，,0
不过我明白，,14
主要还是看在[ch-1]的面子上，,14
[ch-0]真是个热心肠的人。,2
呦，,1
呵呵，,1
咱们宁城的拳王来了，,0
唉，,2
大家鼓掌！,2
是好久没有玩过了，,0
自从我们离开雇佣军界，,14
来到这里之后，,0
就再也没有遇到过像这样的对手，,13
不过今晚，,14
这杂种似乎还挺不错的，,0
我的第一枪，,0
他居然躲过去了！,2
老二啊，,1
咱们好久似乎都没这么玩了！,13
对呀，,0
就是很巧，,0
可缘分若是不巧妙，,14
那怎么能叫缘分呢？,4
两位小姐的东西我都看了看，,0
平时您赏的多，,0
又新做了春裳，,0
也没什么要添减的。,13
私下里呢，,0
五小姐提出来要买两枝好狼毫，,0
也不过是五十两银子的事。,0
十一小姐倒是什么也没提不过，,0
我去的时候，,0
却遇到了一桩事！,2
[ch-1]姑娘，,1
我其实一直都没防备你，,13
而是觉得像我这么好面子的人，,14
在女人面前不能逊色啊，,13
一口气一直提着没放，,0
你让我怎么甘心被你弄死？,4
可惜你没当医生了，,14
当初女同学里就你和[ch-2]的成绩最好，,0
要是你没转行，,14
肯定也不会输给[ch-1]。,13
我想吃饺子、糖醋排骨，,0
羊蝎子、四喜丸子、红烧肉,0
听起来还有点吸引力啊。,2
还是神界舒服啊，,2
这宫殿这桃林都跟记忆里一模一样。,0
别灰心，,5
至少进步了，,14
现在是姿态怪异的长发雪人了。,0
叔叔这敌国公主还挺厉害呀！,2
诶，,2
老弟啊，,1
来来来！,2
自然是吻你，,14
别跟我说你不懂这是什么意思。,4
几位呢也别客气，,5
啊，,1
你们既然是[ch-0]带来的朋友，,14
那就是我[ch-1]的兄弟，,15
今天坐下来一起喝酒，,9
今后就有福同享有难同当。,0
太谢谢了。,0
你归顺于我，,0
我教你真正的桃花剑意。,8
[ch-1]，,1
[ch-3]他们来了。,0
我们拳脚刚猛最强！,0
还是神界舒服啊，,2
这宫殿这桃林都跟记忆里一模一样。,0
[ch-0]同学，,1
你对学院的规章制度理解不深刻，,13
学院是禁止学院内部学生在学习期间恋爱，,0
可没其他的规定，,13
我俩又不是一个系的。,13
[ch-0]啊，,1
晚上留下来吃顿便饭吧。,9
似乎很有意思。,0
那好啊大叔，,1
你要是喜欢喝，,0
我以后天天给你买，,8
怎么样，,3
你只要负责帮我修水管就好了，,14
嘿嘿。,0
那你能不能离开这个小区，,3
离开我丈夫呢？,3
如果你能离开，,14
我也能离开。,15
亲爱的[ch-1]，,1
我来了。,0
[ch-1]啊，,1
今晚集团在江边的海景别墅有个聚会，,0
你过来玩一下吧！,7
不错，,0
但也只是有面子和倍有面子的区别，,15
是个程度问题，,0
而不是什么原则问题，,13
这样就没那么棘手了。,13
太好了，,2
[ch-0]小姐能和我一起逛庙会，,1
简直是我三生有幸，,0
那我明天晚上来接你，,9
[ch-0]小姐，,1
明晚见，,9
[ch-2]爷爷，,1
[ch-1]，,1
那我就先走了。,9
我对奖金感到好奇！,0
很好，,0
虽然第三部分还有一点瑕疵，,14
但已经是一首难得的好音乐，,15
我像你这么大的时候，,0
比不过你！,13
继续兴奋状态，,0
刚才的巴克简单上个色。,0
大家好呀！,1
听说[ch-0]最近在勾搭[ch-1]家那个已婚的大小姐，,0
这么有兴致地来海景房玩，,0
该不会搞定了吧！,4
那时候没有想到这些啊！,13
这是我南下回来后最大的启发！,0
师父的性格和传说中不同。,0
我自学成才。,0
怎么样啊？,3
[ch-1]，,1
就当帮我一个忙呗，,9
这份情，,0
我记着呢！,0
好的[ch-0]，,1
您慢走。,5
你刚刚说先生教了千字文，,0
那你背来给姑姑听听看是不是吹牛皮。,9
他想的美！,0
咱俩是一队的，,0
他想来截胡门都没有！,13
感谢你的教导，,0
[ch-2]将军。,1
小公子可曾成亲？,3
在应天府可有府邸？,3
若是来不及置办，,14
度春山有两三套宅子，,0
您可以挑一套喜欢的先住下。,15
刚刚我已经喝过不少了，,0
这样可不公平。,13
若是每天能吃个果子该有多好。,14
等我把这些衣服做出来再穿上身，,14
你就会知道我的设计有多么厉害了，,15
其实衣服不重要，,13
重要的是什么人穿，,15
而我就是那种披个麻袋在身上也能穿出巴黎走秀的效果。,14
王爷，,1
我发现三楼的卧室里有个美女，,0
要不让咱们兄弟唉嘿嘿。,9
大家一起来,0
战武无敌！,2
别说，,13
咱们[ch-0]这么打扮起来，,0
还真像模像样的。,2
[ch-2]，,1
听说[ch-1]伯父让你今天去和[ch-3]家的女儿相亲了？,3
一月不见，,0
不知道[ch-1]小姐可还认得我？,4
还请姑娘抚琴，,6
我来唱曲儿如何？,9
因为，,14
你是这里的女主人。,0
有点东西,0
你怎么确定是放的。,3
这不是客气，,13
而是民女面对太子殿下应该有的礼仪。,15
哪个白家小娘子？,3
真的啊？,3
你以为逃到纽约去，,14
你就能躲开我？,4
天真！,2
不可能，,13
[ch-1]才三级，,0
我爹才二级。,0
二叔？,3
你之前不是一直都没有投简历吗？,4
我还以为你想跟我一起考研呢，,10
怎么突然想到去公安局实习？,3
所以，,14
这家伙是在投资啊！,2
房间里没人！,13
诶看看看，,2
那不是[ch-1]吗？,3
摆摊？,3
[ch-0]董事长。,1
您认识[ch-1]！,2
哇。,2
哎呦。,2
哇塞。,2
那个捅你的女人？,3
诶，,2
是大能！,2
原来你是他哥呀！,2
欸呦喂，,1
我的[ch-0]少爷，,1
您可算是回来了，,0
家里都出这么大事了，,0
给您打电话您为什么总是不接啊。,4
哦？,3
想不到十弟竟然是慈悲心肠，,13
真让我走眼啊。,2
[ch-3]，,1
[ch-2]莫不是。,13
他没死啊？,3
你说什么？,3
为什么？,3
这不是吧！,13
不不不！,13
她该不会就是[ch-0]夫人吧？,3
师尊，,1
您刚刚出了多少力？,3
这是？,3
竟然打进了，,0
看来火箭队的运气不错。,0
今日他们倒是挺积极的！,2
诶，,1
你不是人事部的那个[ch-0]吗？,4
我有[ch-1]统领保护，,0
自然不怕刺客。,13
但[ch-2]却是孤身一人，,15
也如此恬静，,0
到真叫本王佩服了。,2
红包？,3
主任，,1
病人恢复呼吸了！,0
这家伙是像陛下说的扮猪吃虎啊！,2
我擦，,0
瘫痪久了都能看出来，,0
这人怕不是个演员吧！,10
[ch-0]，,1
老太爷是不是糊涂了，,3
孙太子不是在二十六年前就被断定先天窒息死亡了吗，,4
被送出京城了？,3
九哥？,3
他们是你什么人？,3
9人？,3
上人，,0
一般来说，,14
只要修为达到金仙之境，,14
便能自行开启天眼。,15
[ch-1]活了大半辈子都没见过这种怪事啊，,13
按道理来说[ch-0]几年前那场车祸之后连骨头都碎得差不多了，,0
怎么现在拍出来的照片，,4
是完全康复了的呢！,2
不，,13
这不可能,13
三个法阵，,0
三次解封！,0
哥，,1
为什么会这样？,3
皇帝不是很英明吗？,4
父亲不是忠臣吗？,4
为何现在忠臣下狱，,4
奸臣却在嚣张？,4
停！,7
恢复以前的容貌？,3
我敲,0
难道[ch-1]的恐怖练武进度，,4
[ch-0]尊者也怕了？,4
这小子胆子还真大啊，,2
这样的情况都敢接手！,0
止住了！,2
雇佣兵。,0
你说谁来了？,3
啊？,3
喂！,1
我是不是看花眼了？,3
啊！,2
妹妹！,1
说是天劫，,0
却达到了神劫的层次，,0
恐怕，,10
这马上要应对天劫的前辈，,0
是绝顶的天才，,0
才能引动超过他境界的更强劫云！,2
[ch-0]，,1
你在开玩笑吗？,4
咦，,2
不对，,13
是不是可以吸一下,3
以后有机会再跟你解释吧。,9
走吧，,5
我们继续逛，,9
咦，,2
那是什么？,3
这里真是太奇怪了。,0
原来[ch-1]你是y，,0
你可真是瞒的我好苦，,2
你要是早爆出来你的身份，,14
你又何必自降身份，,4
来参加这种低级的调香大赛。,0
嗯，,12
这不是[ch-0]身边的那个女孩子吗？,4
师兄！,1
[ch-1]，,1
今天城内怎么好像多了那么多流民？,4
这又是从哪里逃难而来的？,3
桥没了？,3
爷爷找到了！,2
[ch-1]，,1
你要去看看？,3
去[ch-0]吗？,3
[ch-0]？,3
这个东西怎么看起来跟汤药一样，,4
真的能喝？,3
这些平时在电视上才能看到的大佬，,0
竟然亲自来接，,2
还是徒步啊！,2
怎么就天亮了。,4
百分之九十九点九的对比率，,0
这这怎么可能呢？,4
大哥？,3
殿下，,1
陛下让我任户部尚书？,3
大妹，,1
你这么快到了？,3
琥珀！,2
[ch-1]的犯罪轨迹！,2
我知道他是怎么做到的了。,0
我知道他是如何隔空杀死雷氡无的了。,0
啊？,3
你究竟是怎么做到的？,3
[ch-1]说[ch-0]说是一个同学的找上了她。,0
3号，,1
1米93的得分后卫，,0
[ch-0]！,1
什么小姐不在了？,3
说清楚，,0
到底怎么回事？,3
雷霆！,2
这个[ch-0]就是我要找的人？,3
是霜眉？,3
我从来没说过我喜欢的是男教官，,13
你为什么知道？,3
谁失踪了？,3
谁留下了？,3
是弟妹！,2
我，,0
[ch-0]。,1
他他怎么能这么厉害？,4
十倍？,3
这世上难道有比霓虹石，,4
六道魔兵更珍贵十倍的事吗？,0
[ch-0]家余孽？,3
哦！,2
是吗？,3
她不是一直不同意的吗？,4
怎么忽然又松开了呢？,4
他出国了？,3
去哪里了？,3
原来我早就变成局外人,0
[ch-0]先生的儿子活了？,3
本神送给那孩子胸口的护命符？,3
难道,4
这两位还认识她？,3
怎么很响亮吗？,3
哦不！,13
[ch-0]叔叔，,1
您是说这家伙的出身不一般？,3
噢？,3
姐姐，,1
我们这样是不是有点不太好，,4
我总觉得他也挺可怜的，,10
亲人好像都不怎么关心他。,10
我。,0
假如我能早一点看见该有多好。,14
不去了。,13
也许，,14
都不会去了。,13
我们夫妻八年，,0
从踏进[ch-1]家大门的第一刻，,0
我自问没有做过任何对不起你的事，,13
所以，,14
我请你把我当个人看，,6
行吗？,3
我知道你们想问当年圣兽绝灭的具体原因，,0
不过这件事，,14
任凭谁出手，,14
都无可奈何我圣兽族注定有此劫难，,13
不可避免。,13
嫂子，,1
保重！,5
哎，,0
怎么办啊,3
他诞生的那个世界，,0
快要死了！,2
哥没啥本事，,13
没做成一个好儿子，,13
也没当成一个好哥哥，,13
但是做父亲，,15
大哥就算没用，,14
也要用肩膀抗下天大的压力。,8
妈妈说，,0
爸爸希望我一辈子活得快快乐乐，,0
就给我取名叫[ch-0]，,15
可是他不知道的是从我懂事开始，,13
就一直过得不快乐，,13
因为我的童年里没有父亲，,14
我甚至连他一面都没见过，,13
于叔叔，,1
爸爸爱我吗？,3
家门不幸啊，,2
你们刚刚进京就看了笑话，,0
是啊，,11
到头了,2
我只想问，,14
你有过一点点喜欢我吗？,3
终究不过是成王败寇罢了。,15
劳你来看我，,0
我却这样。,0
很难有适合我的。,13
不，,13
不是那样的，,13
这跟距离没关系，,13
是我们两个之间的距离，,0
妈，,1
我觉得我可能这辈子都追不到她了。,13
不会。,13
为什么叔叔不在家里？,3
[ch-0]找了他好久呢？,3
仅仅只是刚出生的婴儿的你，,14
便已经是[ch-0]家未来的孙太子，,15
你一出生啊，,0
便拥有了全国年轻一代里，,15
最具有分量的金钥匙，,0
只可惜呀！,2
可我刚刚说得也没错啊，,14
我是说了什么不该说的吗？,3
爷爷，,1
我没有想到这几年我的离开还是没能让你明白我的心意！,13
守城快两月，,0
虽然不乏食水，,14
但城中酒水委实已尽了，,15
这点根本就是寻[ch-0]统制临时要的,0
生活没指望了,13
突然感觉在家呆着好无聊，,0
还是上班忙一点也好，,9
这是孤独恐惧症吗,3
先这样吧,9
对不起嫂子，,13
我没保护好[ch-1]。,13
一个人是孤单，,0
两个人是麻烦！,0
放弃吧。,5
不痛。,13
可惜了，,0
蜀山派，,0
无忧矣！,0
梦想破碎是没有声音的，,13
它只是缓慢又沉默地离开了。,15
算了算了自认倒霉，,0
再也不再聚美上买东西了,13
哈哈，,0
行，,12
当初让他们看不起你，,0
现在是他们高攀不上。,0
是你以前跟我说我负责赚钱养家，,0
家里一切交给你就好了，,0
[ch-0]，,1
我是被你宠坏了，,0
算了，,0
你不想做就不做吧。,13
我学中医的好吗，,4
你不就是因为我放弃了自己专业，,4
所以为了实现我曾经的梦想，,15
才去学医吗。,4
我没事，,0
你不用特地说一些逗我的话，,13
我已经习惯失望了。,0
而且，,14
这种失望的感觉挺好的，,0
它会让我记得，,0
自己一直心怀期望。,0
裳爹爹,1
我也没法子啊，,13
又没别人愿意娶我。,13
[ch-2]和[ch-0]新婚未久，,0
还不知什么时候能有喜讯。,13
没有意义，,13
处理他们，,0
又能怎么样呢，,4
我又不会多开心一分，,13
也不会多悲伤一分！,13
[ch-1]眼睁睁看你被卖给[ch-2]员外时，,0
她又做了什么？,3
她真的就这么值得你对她这么死心塌地？,4
为了一个野种，,0
值得吗？,3
太子又有多好？,4
他娶你当正妃了吗？,3
你真的好过了吗？,4
[ch-1]不过是想要看你笑话罢了！,2
看你被人欺负，,0
她就开心！,0
其实他开始确实没对[ch-0]动情的，,14
只是利用,15
[ch-0]也不知几时才能出关。,13
就按你说的办,9
你都伤成这样了。,0
这么多人，,0
却如何安置才好？,3
有本事又怎么样，,0
品行不正，,13
照样不能在家里住下。,13
王爷，,1
属下知道王爷对郡主有愧，,0
可此事王爷护不了郡主，,14
若皇后娘娘被废黜，,14
王爷这些年的苦心经营便都完了，,15
王爷，,1
成大事者当有所舍，,0
来日王爷君临天下，,0
要什么女人都会有，,0
将郡主抢回来也是可谋的。,0
可若王爷现在因一时不忍而行,14
您的心不痛吗？,4
这一点都不好笑消失了七年，,13
又一次出现，,0
为什么他口中的重来不是我和他重新开始。,4
给[ch-0]倒茶吧。,5
哥不能陪你了。,13
自从新闻上说你和[ch-2]订了婚，,14
你爸就魔怔似的，,0
天天念着你和他不合适，,0
舍不得你。,13
没事，,0
也许啊你说得对，,14
确实是我想多了，,14
也罢，,0
这么多年我该接受残废的事实，,0
何苦执著这双断腿呢。,4
本宫不急，,13
本宫是皇上的妻子，,0
皇上不可能永远冷落本宫。,13
何苦呢？,3
姐姐可能有自己的苦衷吧。,10
唉，,2
去了毫无头绪的你怎么找啊？,3
怕他考不上惹了侯爷不快，,14
又怕他考上那[ch-0]就非去不可了！,14
上上神！,1
是火车站，,0
两个小时前偷的！,0
昨天半夜[ch-0]说你发烧了，,0
我。,0
这这,0
大叔，,1
要不我们走吧！,9
我马上处理一下,0
爷，,1
最近小的总是出现幻觉，,0
是小的记岔了，,0
小的该死。,0
完了，,0
这个[ch-3]和[ch-0]居然找来[ch-2]家族的人助威，,0
这下[ch-1]还怎么对抗呀？,4
是二十六年前也有过同样的窒息情况！,0
[ch-0]，,1
夜色太晚了，,0
我们就先回去了啊，,9
要不然的话。,14
爸，,1
爸！,1
[ch-0]啊，,1
不是我不想帮你，,13
着实是这个[ch-1]我惹不起呀，,0
您还是另找他人吧！,9
[ch-0]，,1
我惹不起[ch-1]老太爷，,13
所以您。,14
啊，,2
我我没有没有。,13
怎么了[ch-0]爷？,3
保卫科，,1
保卫科，,1
门口打起来了。,0
[ch-0]，,1
是我，,0
大嫂，,1
你哥他情况不是很好，,0
你能不能赶快回来？,3
三儿，,1
去叫人！,7
怎么了你身体哪里不舒服。,3
额是这样的爸！,2
[ch-0]，,1
他们这么多人，,0
我们会不会被打死啊？,3
别管我，,7
你们快点去楼下干掉那个[ch-0]，,7
大叔还在一楼，,0
他有危险，,0
快去救他！,7
这不是我调的，,13
是刚才一名服务员肚子疼，,0
请我帮忙端过来的！,0
因为那两笔货款的客户是龙翔拳馆的[ch-0]，,14
前段时间我们连续派了好几拨人去要，,0
不是被[ch-0]打断骨头，,13
就是被丢进海里，,0
差点丧命，,0
所以。,14
如果我们爸妈知道了，,14
肯定会惩罚我的。,15
准备好了,0
家主家主你。,1
我没有招惹你啊。,13
昨天昨天下雨，,0
所以油油漆还没有干透！,15
公主救救奴婢！,6
必须要快点找到大叔，,7
来不及了。,0
啊。,2
总裁,1
医务室。,0
那那会有生命危险吗？,3
我也不确定能不能做到，,13
试一试吧。,9
不就是冲着他开了一枪吗，,4
至于这么玩命吗？,4
不行，,13
电击的话会加快血液流动速度，,0
失血过多同样会有危险！,0
[ch-4]，,1
快快快看，,7
[ch-3]的脸啊。,2
是，,11
可明天是您的生辰呐，,2
又是[ch-0]少爷的重要日子，,0
这时候把人都派出去，,0
万一明天出了什么岔子可怎么办呐？,3
是是不知道，,13
我不知道，,13
我什么都不知道，,13
[ch-0]，,1
那边的人只是跟我说，,0
是有一点不合规矩的地方，,0
具体的什么，,3
我不知道！,13
这里有着26区最严密的看守，,0
不会出事的。,13
我的伤算不了什么，,13
重要的是若若，,15
若若不能出事，,14
走，,7
我跟你去。,9
刚杀完两个人，,0
就迅速转移阵地，,0
进行攻击，,0
这种速度他都不休息的吗？,4
[ch-0]大人，,1
要是他们之中有凶手，,14
小店决不包庇。,13
可小店还要做生意呢，,2
您能不能换个地方？,3
丧尸诶，,2
吃人诶，,0
不可怕吗？,4
为什么那里可怕啊！,3
[ch-0]小姐,1
你是谁，,3
你快放了我，,7
我爸是宁城[ch-0]，,0
你要是敢对我动手，,14
我保证你。,8
还有，,14
拳馆协会派人带走这段视频也是[ch-0]家主的意思，,0
不是我心甘情愿的，,13
诶，,2
我不是故意的，,13
我真不是故意的。,13
[ch-1]。,1
嘶，,2
哎呀。,2
不不是。,13
其.,0
其实我知道是谁,14
额不要过来啊,7
[ch-0]害怕，,0
就哭喊，,0
然后叔叔听到之后赶过来，,0
就把那个肥肥的叔叔打了一顿,0
唉这这么厉害呀，,2
老太爷，,1
那找到他，,0
我们[ch-1]家岂不是。,4
啊啊嗯！,12
我投降，,0
投降！,2
就这样万一[ch-1]小姐临时又去找[ch-0]少爷，,14
打扰了太子爷和他之间的秘密，,0
怎么办呢。,3
他被人打了，,0
现在躲在拳馆里不敢出来，,0
那个[ch-0]完好无损地离开，,0
还把货款带回去给[ch-2]集团了，,0
几分钟前[ch-2]集团就把我们银行里的所有贷款连同全部利息都算清楚了,0
是你，,0
执迷不悟，,0
现在回头，,0
已经来不及了。,13
原原来是王爷啊，,2
额我之前听过您的威名，,0
那可是宁城市响当当的人物，,0
额，,0
怎么会来我这呢？,4
哦哦。,2
可是有派太医去看过了？,3
可你知道这是违反条令的事啊，,2
一旦泄露出去，,14
意味着什么你知道吗？,3
不.,13
不错。,12
这。,0
老大，,1
我们先撤吧！,9
呃呃，,0
不是，,13
不是，,13
是我[ch-0]欠[ch-3]集团货款，,0
主动将一千万还上，,0
没有任何人逼迫我！,13
我是那种人吗？,4
而且一个歌星而已，,14
我为什么非要为他兴奋不可？,4
她不就是有钱吗？,4
像大能一样打假赛是吗？,3
我觉得你妈妈说的很有道理，,0
你确实不适合再请假了。,13
承蒙皇上宽和，,0
臣过的很不错。,0
走的时候注意点，,7
别让监控拍到。,7
小姐，,1
什么事？,3
怎么先把你从这个鬼地方捞出去？,4
第三次，,0
哦对了，,0
没有第三次，,13
我猜得如果不错的话，,0
今天晚上有很多人跟你说过不要来查我对吧！,15
徒弟这才多少岁，,0
冒冒然的登上了[ch-0]称号序列，,0
而且还是第九十八名，,14
恐怕木秀于林，,10
有风摧之。,0
不要问了，,7
[ch-0]妈妈，,1
我限你半个小时内必须马上赶到幼儿园，,7
不然的话，,14
你就等着你女儿被开除吧。,9
唔！,2
做师父的，,0
不都是要有着一两个压箱底，,4
轻易不传的秘技吗！,13
诶是，,12
诶是。,12
不喜欢，,13
其实我，,14
我没有爹，,13
我是个孤儿，,0
刚才那些话，,0
都是开玩笑的。,0
这东西是我精心选出来的，,0
于你定会有用。,8
你到底知不知道，,3
我们是什么人？,3
可能不是病，,13
是有了。,0
主子，,1
我昨天好像看见了少爷在怡红院喝茶,0
这位女士，,0
我还有很重要的事情，,0
有什么事情，,0
等会再说。,9
没有。,13
不一定，,13
时间太久了，,0
上边谁还记得什么天柱，,0
我认为这个手法应该可行。,10
就是有很重要的事情啦！,0
当然。,14
禀告少爷，,7
有人要闯进来，,0
声称要见你一面。,0
[ch-3]太子在档案上的照片拿去给[ch-0]的护士确认过了，,0
完全一样，,0
只不过，,14
[ch-3]太子的档案有些奇怪！,2
下去吧！,5
是吗？,3
只要他们同意，,14
我无所谓。,13
举手之劳的事儿。,0
身体可是您自己的。,0
如果证明五维脑域侵权，,14
那么当年[ch-1]的收购就不合法，,15
甚至会一直追溯到[ch-2]，,15
也可能会牵连到[ch-2]的继承者。,15
等一下！,7
殿下客气了！,2
哦哦，,2
原来是你有事啊，,2
我还以为你是出什么事情了，,0
没事没事，,13
[ch-0]爷爷啥时候都有空，,0
你有空了就来这把你爷爷东西带过来就行了。,0
不用在意，,13
这次生辰过后，,0
我大概能掌握[ch-2]家的所有情报资源，,10
到时找那位神人应该会快很多，,10
以后你跟着我做事，,14
这种宴会自然是可以参加的。,0
我倒要看看，,5
鬼怪王国争夺这座岛屿，,0
到底有着什么企图谋。,3
这。,0
[ch-0]，,1
请摘下眼罩。,7
[ch-0]，,1
我知道我不该有这个求情，,13
但我还是希望如果有可能，,15
你再给你们彼此一个机会。,15
嫂子，,1
大哥在哪？,3
是。,11
我想要购买武功秘笈。,0
好。,12
传信的那只鹰隼，,0
恰巧被本王烤着吃了。,0
京京吃，,0
京京还要长身体，,0
还要学习发用脑子呢。,0
[ch-0]先生还让我给你带一句话。,7
呵，,1
你到这儿来干嘛呀？,3
第三个好处呢？,3
临时有点事。,0
至于你。,14
没事，,13
我会小心的，,8
就是出去看看。,9
不行我就回来了啊,8
或者1%？,3
雨天路滑，,0
你小心一些,5
打不打？,3
四公子派我来驾车，,0
你还真当我就是个车夫啊！,2
不管去哪里，,14
我都得跟着[ch-0]大小姐，,5
免得再出上次的事。,15
呵，,1
不好意思啊小兄弟，,13
我这个奴婢不太会讲话，,13
我买这药，,0
请问多少钱一瓶啊？,3
你是[ch-3]的战友，,1
于[ch-0]吧！,1
你说的这个情况不无可能，,13
环境污染也是引发血液病的一定诱因！,2
拔针了。,0
咳咳，,0
你这是要发传单吗？,3
你什么时候找男朋友了，,3
怎么都没跟我说。,4
既然涉外商业，,14
大哥在这方面还得努力钻研。,15
只有熟知了西方的规则，,14
咱们才能利用规则。,15
喂，,1
[ch-0]，,1
上了大学以后我发现我还是喜欢[ch-1]，,0
不然你借我的那一百万别还了你帮我和你妹妹牵个线。,9
单人模式。,0
走，,7
去看看。,7
不用跟我客气的，,13
其实我一点都不饿，,13
你刚刚患病，,0
虽然已经抢救过来，,14
但还很严重的，,15
需要补充营养。,0
嗯！,12
闲着没事，,0
编些能使的家伙事，,0
这不是马上春耕了挑大粪用的。,13
那么早，,0
哎算了吧[ch-2]！,2
什么叫大哥又死了一次。,4
我不管，,13
我已经听你安排来相亲了，,0
也算是偿还了你把我从派出所带出来的恩情，,15
但是这包厢钱我不会出，,15
您要不肯给，,14
我就告诉媒体，,15
说我是您女儿。,0
乱想什么呢，,4
不如我们明天去领证吧。,9
我还当你对常胜有信心，,15
相信他是个老实男人，,10
原来是你对组织有信心。,2
唉这是昨天拳擂比赛的视频，,0
听说过程很曲折，,0
结果却大快人心，,0
有不少人都说咱们宁城多了一位拳王，,0
其中啊，,0
还有[ch-0]家少爷打拳的视频呢？,2
你妈妈说得对呀，,0
男人不能随便进女孩子的房间，,13
但是叔叔敲过门了呀，,15
来，,7
让叔叔抱抱，,7
看看你洁白的皮肤。,0
一个八卦把你吓成这个样子？,4
我看,0
额嘿嗯嗯是是啊。,0
我妈虽然说让你照顾我，,14
但是你看我是不是很好照顾？,3
都不为难你。,13
这我就不知道了，,13
所以想着要找[ch-1]亲自问一问。,15
他来了你就知道了，,0
你先好好休息我去找他。,5
回回贵人的话，,0
臣妇多谢贵人，,0
臣妇很好，,0
孩子也好。,0
他们神通惊人，,0
法宝，,0
灵丹妙药更是层出不穷，,0
甚至是拥有可遨游星空古路的战舰,15
还得劳烦北姑娘给我将身体内的东西取出。,6
你男人以前是做什么的？,3
怎么没了的？,3
[ch-0]为什么欺负那些同学？,3
外公过来了，,0
所以陪了他一会儿。,15
总裁，,1
时间不多了。,0
那麻烦你和她们说一下，,6
我在学生会等她们。,0
这件事，,13
娘娘不能知道，,13
起码现在绝对不能。,13
妈，,1
你相信吗？,3
等将来我设计的衣服肯定会在这些厂子生产出来。,14
打断他的双腿，,7
扔到手术室门口，,7
不用给我留情面，,7
所有事情，,0
我都会负责的。,8
姑娘,1
该不会又是来打人的吧！,4
以后由他来伺候道长的起居，,0
您有什么事，,3
只管吩咐他去做，,15
倘他办不好差事，,14
告诉我，,7
咱们再换。,9
你还会关心我？,4
密码是多少？,3
不不知道啊！,13
你们这一辈人只有你了，,0
留下来传宗接代也是功劳,0
你不用为那小子遮掩，,13
他是愈发不像话。,0
发生了什么事？,3
[ch-0]，,1
要不我帮你去面试。,9
[ch-2]！,1
没有啊，,13
整栋大楼我们都搜过了，,0
只有你和[ch-3]，,14
还有那些尸体，,15
对了，,0
这次要谢谢你帮我抓住[ch-3]这家伙，,0
不愧是[ch-1]看重的人，,2
你可真是。,2
胜利者难道不需要掌声吗？,4
我也会明白，,13
大叔你其实并不喜欢我。,1
这么看来，,0
[ch-1]修为提升这么快，,0
是因为得到了神玄皇朝的好处？,3
兴奋过后估计就该睡了。,0
袖袖，,1
还没放定，,0
你要不愿意，,14
还来得及。,15
呵，,1
忘了？,3
这是取材！,2
通知机场，,7
准备最近的起飞时间，,7
启程回京。,7
我立刻让人把附近马路上的所有监控调出来，,8
找到[ch-0]太子的去向。,8
当然，,0
这不算完！,13
我可以教会你所有的东西，,8
也会把你当成弟子严格教授，,8
但是你的大礼本王却受不起，,15
还是请起吧。,6
绑匪只是这些人的兼职，,0
他们的主职是盗墓贼，,0
这里面都是他们盗来的文物，,0
我走之后，,0
你报警就是，,0
也不必隐瞒我的事情。,13
谢谢[ch-1]。,0
不用了。,13
嗯，,12
毛驴车今天家里有用。,0
我要留下伺候我家小姐。,9
两个，,0
都是大三的，,0
是不是多了，,3
要不要我退掉一个？,3
[ch-1]。,1
一楼的监控可以找到[ch-0]太子的踪影。,0
我这么做都是为你好，,0
金钱难道比幸福重要吗。,4
鬼知道为什么呢。,4
恩，,12
你同意就好，,0
还怕你觉得我自作主张，,2
你那个哥哥我在离开江城前，,0
没去打扰，,13
怕影响他的生活，,14
你去江城的时候，,0
问问有没有什么需要帮的，,7
爷爷都答应他！,8
这个[ch-0]出自京都大学，,0
一年前被评为江城银行最有希望接任董事长职位的老人物，,0
他来找我干嘛啊？,3
在店里还是要分清楚。,5
不过,14
不好意思，,13
有人吩咐过我，,0
不能说！,13
我好像在我们世界，,10
也发现了邪神入侵的痕迹。,0
我我没事，,0
母后不必为我操心！,13
投胎吗？,3
你问那个[ch-0]家小姐吗？,3
如果是这样的话，,14
你打算怎么做？,3
哪支球队？,3
本宫的承乾宫离着皇后的景仁宫近，,0
不比你们要绕过大半个后宫。,13
哎，,2
把他带到客房休息去吧！,7
休息？,3
行了，,0
你小子在[ch-1]这个年纪还不如他一半懂事呢！,0
现在天色还早，,0
我喝得有点晕了，,0
要不，,9
咱们到西湖边走走，,9
看看夜色，,0
吹吹凉风醒醒酒，,7
好吗？,3
大娘，,1
我看你们这边的村民都门户紧闭的，,0
大家平时是以什么为生？,3
那边的耕地也贫瘠了，,0
好像没有种过的样子。,13
小小，,1
你没事吧？,3
这个妹子呢是[ch-1]集团的美女，,0
人事部的[ch-0]，,0
也是个极品，,0
不过你们就不要想了，,15
她是我的猎物。,0
昨天我不是故意的，,13
只是你伤害我的朋友，,14
我是不允许的，,13
它叫母鸡，,0
很棒的朋友，,0
以前每天早上都会给我们两枚鸡蛋，,0
现在都给我们四枚。,0
我先吃早饭去了。,9
这会儿快要吃晚食了吧，,3
你们不吃晚食吗？,3
他。,0
[ch-2]的症我确有办法医治，,0
且若病人愿意配合，,14
这病是有机会痊愈的。,15
只要以后不再受到大的刺激，,14
家人也多注意，,0
可保不再反复发作。,15
只是有一点，,15
这病需慢慢的治，,15
急不得，,0
倘使过急反会适,14
我在，,0
你放心，,8
爸爸会给你讨回一个公道的！,8
死了。,0
不就是打个假拳，,4
然后录一段您打败[ch-0]的视频发到网上是不是，,4
唉，,2
小意思！,2
老天爷不会看着咱都饿死的。,13
哼，,1
你在问我这个问题之前，,14
先要问问自己有没有什么秘密，,5
为什么会有人来抓你？,3
我还是高估了自己。,0
不用了，,13
我刚刚去看过[ch-1]，,0
她不在，,0
所以就来找你预约一下明天的时间，,9
下午我要去拜访一位老人物！,9
我很认真！,2
却也未必。,13
[ch-1]为什么追你们？,3
出了什么事啊，,3
大呼小叫的，,0
还有没有一点规矩了？,3
不不可能，,13
这种方法需要献祭强大的修为，,0
而且此法起码得是神劲以上的强者才能施展，,14
这个世界上怎么会有神劲者呢？,4
你可以要一个女装[ch-0]大佬。,5
对！,12
预约？,3
大小姐，,1
你是不是也,3
要不。,3
这件事情你就不用知道了。,13
[ch-1]，,1
我们也换了行装，,0
过去寻皇祖爷爷罢。,7
哦？,3
是这样吗？,3
那质疑过后呢？,3
你想要怎么办？,3
[ch-2]兄，,1
你知道么，,3
我其实一直不太清楚，,13
你为什么要参合这个事？,3
咱们都是东亚新兵，,0
我不跟你们打。,13
呵，,1
我知道！,0
行吧！,0
不知道有多少敌人，,13
是因为有着[ch-3]的介入这才被老爹[ch-0]解决掉。,14
你带几个人顺着路找，,7
[ch-0]骑马走失，,0
他的同学肯定在找，,0
你碰到他们后把他们带过来。,7
大叔，,1
趁热吃包子！,5
你大哥[ch-0]是江城市出了名的软饭王，,0
所有人都知道，,0
不要忘了你保洁员的职位也是你大哥跪着求来的。,13
是给我妹妹的。,0
掌柜的在楼上等您。,0
同样是[ch-0]家的女儿，,0
区别那么大，,0
心疼了？,3
先喝口水。,5
不客气。,13
能再给我一次机会吗？,3
现在还昏迷不醒,0
里面有十万，,0
三万是买药钱，,0
假如我重新站起来，,14
剩下七万当作我的谢礼，,15
没有密码！,13
您是,3
县尉大人让我来通知你们，,0
回头去县城消了[ch-0]的户籍，,0
把该办的都办好，,7
近来县太爷对民事关心的狠，,0
你们可别给县尉大人惹麻烦。,7
嗯。,12
麻烦？,3
回主人，,1
妾身叫[ch-0]。,0
还有一个风骚版的。,0
不知道啊！,13
你们千万不要大意，,5
高句丽国虽小，,14
但自古以来他们的百姓性格都强悍好斗，,15
只要动了手，,14
那就是死缠烂打，,15
不顾自己的性命。,13
我们两军对阵，,0
他们全部报着必死之心，,0
你可以想想那该有多么难打？,4
就算是一对一，,14
我们也占不了,13
很快会有几个大的交易区的猎妖者进入你的丹城，,0
还有一些工匠，,0
他们交给你了。,0
我出去一趟，,0
你就在这里等我回来。,7
这是我欠你的情，,0
答应过你就一定会办到，,0
你没必要下跪。,13
喂，,1
[ch-1]，,1
有事吗？,3
大学你准备去哪里？,3
爹，,1
我一定要去啊！,2
神仙是托梦给我的的，,0
要是我不去救人，,14
神仙不知道会不会怪我啊！,10
我有神仙保佑一定没事的。,0
谢谢。,0
[ch-0]，,1
您这意思是？,3
第三，,0
我暴打你一顿，,0
不过这条路你要是选了，,14
下半辈子指定要在轮椅上度过一生，,15
所以，,14
你的选择是什么呢？,3
我平常的话，,0
回答嗯就可以了。,0
行！,12
第七号星辰乃是法古文明的商业星辰，,0
在这个商业星辰当中有诸多的资源，,0
只要出得起钱，,14
几乎也没有多少不能买的，,15
比起我们剑门的商业城池，,14
要庞大得太多太多。,0
那到时候一起去见识见识！,9
这叫礼貌。,0
禀告老太爷，,1
昨天那辆撞上[ch-2]先生的大卡车是被司机偷来的，,0
司机出车祸后当场死亡，,0
具体身份被人修改过，,0
查不到！,13
星光级四重啊。,2
是没有任何危险的，,13
最多就是这招失灵，,0
[ch-2]没死，,0
全当孝敬他一次。,8
我的手下死之前说，,0
他可能来自[ch-0]，,0
告诉我，,0
这是真的吗？,3
切得了吧！,2
嗯？,3
十弟幸苦了。,2
我奉了父王之命，,0
来提[ch-0]人。,0
见过大祭酒！,1
不，,13
是你。,1
和你没关系，,13
他会杀了我两个手下？,3
都是[ch-0]干的，,0
你是没有见到，,13
[ch-1]两次犯到[ch-0]的面前，,0
都被[ch-0]狠狠的教训了一顿。,15
臣妾恭送陛下。,7
呵呵，,1
[ch-2]啊，,1
[ch-0]先生让我来给您传达一个命令。,7
有什么事？,3
凡事总有第一次。,0
还要多谢道友传授我七宝如意大咒，,14
我才能在年余光景中，,15
连开佛门九识，,15
铸就护身七宝。,15
如今道友可以呼我做天音！,5
啊？,3
少爷你是不是发烧了呀，,3
那些人都说是卖假药的，,0
我们还过去啊？,3
[ch-1]毕竟是抄袭，,14
她只是想害[ch-0]，,14
但不想暴露自己，,15
所以才模糊了视频。,14
别别别，,13
我根本没想过要答应好吗。,4
哼对了，,0
我想起来了，,0
[ch-0]老师似乎挺关心这个[ch-1]的，,10
难不成[ch-0]老师也想和她一起走吗？,4
听说[ch-0]一直没醒？,3
爸？,3
谢谢[ch-0]先生，,0
我弟弟不懂事，,13
我回去一定好好教育教育他，,9
太谢谢您了。,2
向大家正式介绍一下，,0
我身边的这位，,0
惊天地泣鬼神的、一等一的美女，,0
是文化酒业的酒文化大使，,0
也是,1
她没骗你，,13
我接近你，,0
就是为了[ch-2]。,15
接下来我做,0
另外，,14
把[ch-0]给我从集团叫回来，,7
还有，,14
动用[ch-2]家所有资源给我找，,0
找到这名拳王的信息，,0
地址，,0
一定要找到他，,7
找到他，,7
才能找到[ch-1]太子！,2
是！,11
下周就是二赛了，,0
你到时候怎么安排？,3
哦，,0
保镖是吧！,3
而且，,15
[ch-0]确实也不会愿意完全放下游戏部门的工作。,13
这样啊那行吧！,2
第一，,1
他对你没有任何想法，,13
所以看你跟看别人没什么区别，,13
第二，,1
他能将自己的情绪隐藏在心里，,0
不露于色，,13
这种人的心理素质极为强大，,0
必定是某个层次里顶尖的人物，,0
连我也做不到。,13
你们想吃什么？,3
[ch-0]老师，,1
请吧。,7
岁月流逝，,0
如日月交替能无尽向前，,0
不断推演，,0
更可无限倒流，,14
回归原点,1
所以，,14
是你主动认输，,14
还是，,3
我亲自动手？,3
爹，,1
你不用劝[ch-0]了，,13
他早就说过不想念了哩。,13
[ch-0]脑子活，,0
让他折腾，,0
没准将来比我这个哥哥还有出息哩。,10
但愿是这样。,15
如今行宫人少，,0
我倒是机会来了。,15
不管怎么说，,14
能早日有孕才好。,15
哪怕是先生个公主呢。,14
[ch-0]小姐，,1
这张卡的确是真的。,0
不要紧，,13
马上就好了。,0
夫人说的是。,0
没没什么。,13
欢迎各位道友远道而来参加我们的拍卖会，,0
本次拍卖会的拍品，,0
大家想必都清楚了，,10
那就是悟道茶。,15
[ch-0]说过，,0
他与阁老是乡里，,0
又是阁老学生，,0
登科后颇受阁老照拂。,0
是。,11
我知道了，,0
有劳太医了。,0
你想要真睛，,0
我给你寻，,9
今年寻不到，,0
明年会继续，,8
我以晶巫之名发誓，,8
若是你能治好我儿的病，,14
我定会为你寻真睛！,8
你怕了？,3
我。,0
把[ch-0]哄开心了，,7
陪着他玩开心，,7
你想要什么就有什么，,8
出身低微，,0
就该有点自知之明，,15
没什么背景，,0
就该学会放低姿态，,15
你看，,0
[ch-1]就很懂规矩嘛！,2
那人擅使重兵器，,0
姓[ch-2]，,0
单名一个[ch-1]。,0
陛下。,1
也好，,0
传话过去，,7
就那边腾出个雅间来，,7
再去预备好车马。,7
当然，,14
我也只会送你一两只，,15
而且，,14
不要打准神的主意。,13
那东西的幼体，,0
我也没有几只。,13
[ch-0]，,1
你去给我买个橡皮。,7
干嘛呀。,3
我觉得这张天价脸该去投保,10
正好我也邀请了一些其他有背景的年轻人，,0
昨天我情绪有些失控，,0
没有好好招待你，,13
晚上就当大嫂给你接风洗尘，,9
怎么样啊？,3
这个我知道，,0
正是考虑到这点，,14
才没在传讯符上做限制，,15
只是，,14
出现了个离谱的家伙，,0
居然和这么多人有联系，,2
看来我们对灵山的情况掌握太弱了。,2
[ch-0]妹妹，,1
快请坐，,6
我表弟这个人吧，,0
有时候不太会说话，,0
你多担待着点，,5
但有一点你放心，,15
他不花心，,13
别看他长这么大了，,13
可从来没交过女朋友。,13
[ch-0]选手，,1
到你了。,0
儿啊，,1
娘现在可以帮你警告他一次，,8
可也不能警告一辈子。,13
没事大哥，,0
[ch-0]身份高贵，,0
我一个普通人就算不认识也没什么关系，,13
我填合同，,0
以后咱们兄弟就能在一起生活了。,15
好，,11
那就拜托您了，,6
[ch-1]先生。,1
好的，,12
我非常愿意回避。,15
你涉世未深，,0
有些事没有你想象中的那么正义和简单，,13
我现在只希望你好好读书，,14
君子报仇十年不晚，,0
别为了我把自己都搭进去，,0
如果你出了事，,14
我一辈子都会活在痛苦当中，,1
更不会开心。,13
多少钱？,3
现场我已经查看过古堡里，,0
目前就我们这些人，,0
所以说在座的都是嫌疑人，,14
你们可以选择沉默，,15
但是你们说的每一句话都将成为呈堂证供。,15
我打个电话先。,9
此人曾经在南境诛杀蛮皇，,0
同样在东境以五千乞活军硬生生的拖住了数万东莱锐卒！,0
我知道哥，,0
麻烦你了，,0
我不在意的！,13
一天十五个筐吧。,0
[ch-0]，,1
去把我的东西都搬出来吧，,7
我去睡客房。,9
不管如何，,14
我不会单独见你。,13
再找找吧。,9
当初[ch-0]出事的时候，,0
也没像你今天这样。,13
小意思！,2
你现在多少级了？,3
先生，,1
其实我们,14
这里也没有吗？,3
我们决定解除先辈的痛苦，,9
将龙魂封印，,0
等待着一个领路人的到来。,0
难怪！,2
你还有什么要说的？,3
嫂子，,1
等送走了这些大佛，,0
你要有心理准备，,5
就要开课了。,0
冲喜？,3
我还以为你被抓走了呢，,13
没想到会在这里遇到你。,13
怎么会，,4
对我来说，,0
你才是我的朋友，,0
而她，,14
只是个路人。,15
那就好，,0
我们先走了，,9
[ch-0]，,1
您多保重，,5
再见。,0
他是我带来的人，,0
[ch-0]，,1
给我个面子，,7
今天这事情呢是我们错了，,0
我们现在就走。,9
你什么打算？,3
我做饭去了。,9
不用了，,13
我问你，,0
这花是哪来的？,3
是是啊[ch-0]太子找到了！,2
这可不是危言耸听。,13
你说的可是那平顶山上的老翁？,3
[ch-1]公主习得一种内力名唤琴狱音功，,0
是一种音波功，,0
可将内力汇于琴音之中，,0
通过琴音伤人索命，,0
对内力薄弱之人，,0
颇有几分威力。,0
[ch-1]公主自幼习武，,0
内力已有所成。,0
上使前辈，,1
这次我们收到青田界水木二气恢复的迹象，,0
就赶紧到此，,15
看看有无恢复的可能，,10
这回好了，,0
这里水木二气恢复，,0
我们就将炼云青田宗余部迁回，,15
恢复这里青田界的原本模样。,0
恩，,12
没什么要交代的。,13
我刚才听[ch-1]说[ch-0]同学在这里，,0
[ch-0]同学，,1
我之前去你们家看望，,0
你不在，,13
你可是我们凤凰城的骄傲啊。,2
我也注意到了，,0
整个上半场，,0
他一直在场边坐着，,0
竟然连战术板都没拿过。,2
说来话长，,0
回家再说。,9
这不是有手机吗，,4
给他打个电话啊，,7
我们身份特殊所以不便私用你们的手机。,0
[ch-1]，,1
[ch-2]一天于此，,0
请战！,2
你爸爸很疼你。,0
已经搭好了。,0
这名字好熟悉啊，,2
诶，,2
是不是[ch-0]家那个废物上门女婿的弟弟？,3
明天应该可以看到结果。,10
什么事。,3
你好，,1
我是偶尔路过此地的人，,0
想要打听一下，,0
这里是什么地方。,3
是，,11
少爷，,1
奴婢受教了。,0
叫我[ch-0]少便好了。,0
没有。,13
爷爷亏欠你的，,0
回京城，,7
补给你，,7
有喜欢的女孩子吗？,3
哎，,2
只是这样一来，,14
给事中们心里要憋爆了。,15
确定了吗？,3
情报显示，,0
[ch-0]率领两百万大军先行，,0
[ch-1]之后出发，,0
不过，,14
[ch-1]的大军停在俄卢松、普罗关和坦佩谷的岔路口那里，,0
并没有选择进攻普罗关还是坦佩谷。,13
他应该在等[ch-0]的消息。,10
没想到，,13
大叔还是个军迷，,0
怪不得身手那么好，,13
那么男人，,0
嘻嘻。,0
不过小姐你别担心，,14
这件事被姑爷压了下来，,0
对你不会有什么影响。,13
你的身体还好没受伤，,0
那个[ch-0]虽然也在医院，,14
但也只是一点小伤。,15
庆幸这次你们都没事，,14
不然你要是出事了，,14
我怎么向老太爷交代啊,4
明白，,11
我马上安排人把血袋送进冰块箱。,8
这位[ch-1]明摆着就是我[ch-0]家的孙太子，,0
传我之令，,7
调动京都密叠司，,7
一分钟之内，,0
我要这个叫[ch-2]的所有信息还有行踪！,9
我只负责提供场地，,15
拳武协会的处罚通知一到，,0
我就准备文件，,0
到时候这个[ch-0]是死是活就无关紧要了。,0
六十年前，,0
时家便是发现了星空之海内存在的寒玉矿，,0
借此而发动战争，,0
我跟你说过。,0
我是一个人渣，,0
除了勾搭女人之外，,14
完全一无是处。,13
你们觉得把这么重要的任务交给我，,4
靠谱吗？,3
这好像不太符合你们的作风啊，,13
你们黑龙台这么强大的秘密势力，,0
应该更加缜密一些的，,10
我不信你们黑龙台没有培养更加专业的美男子密谍。,13
哦哦好，,0
我知道了，,0
那你什么你也注意一点啊！,5
我的任务已经完成了。,0
妈，,1
你喜欢今天那个小院子吗？,3
那打扰了。,0
但有一个可以利用的bug！,15
明天我会把之前的辞职表递交上去的，,8
[ch-0]集团的保洁员，,0
我不干了，,13
等回去之后我就搬出来。,9
媳妇如何？,3
我和你一起去。,9
[ch-0]道兄准备去何处？,3
哎。,2
你不同意，,13
并不重要，,13
重要的是你来得太迟了。,15
那你为什么要那么说？,4
爷爷好！,1
我听说你还参加了一个比赛，,0
拿了第一名？,3
那今天可算是来对时候了，,0
这一次国外来我们宁城拳擂挑战的几名高手，,0
都是太阳国当地赫赫有名的拳术大师的弟子，,0
听说叫什么[ch-0]家族，,0
地位极高呢！,2
嘿嘿，,2
哎哟！,2
晚上好。,1
一千年前，,0
剑宗那一旦汇集了不知多少人材，,0
第八代当中，,0
实力排名前五的，,0
便有排名第一[ch-0]师伯，,15
排名第二的那位，,0
排名第四的[ch-1]师伯出身剑宗，,0
排名第三，,0
排名第五的出身于是气宗，,0
不过排名第三的殁了，,14
于是乎，,14
剑宗的实力更强。,0
是的家主，,1
那位老人姓[ch-0]，,0
交上来的档案很模糊，,0
所以没有被密叠司录入！,13
你去空间罩吧。,7
空间罩里的血清稀薄，,0
普通丧尸恢复需要一天，,0
你可能需要一年，,10
或者几年。,15
我没有血清给你了。,13
妹妹，,1
我老脸皮厚地自说自话，,0
就称呼你妹妹了。,0
我呀，,0
见着妹妹就觉得自在，,0
也松了口气。,0
妹妹不知道，,13
前儿老爷跟我说，,0
要设宴请[ch-1]老爷和夫人，,0
我心里还担心，,0
不晓得这位夫人是什么样人，,13
说不定又要,10
我们到山顶上去吧，,9
在山脚下太累人了。,0
吴淞江在昆山共六十二里，,0
共有四段要紧之处，,0
[ch-0]管事命令咱们选一到两处下手。,0
是啊，,12
我是新来的保洁员。,0
轰隆！,0
不。,13
不要了啦，,13
哥哥，,1
你现在回来来一趟，,0
再回去去，,7
后天都不知道过到哪里去了。,13
[ch-0]才不舍得哥哥这么辛苦呢~[ch-0]没事的，,13
你看，,5
[ch-0]打了这么久的电话都没有哭。,13
[ch-1]这个人很有傲气，,0
但偏偏有时候为了达到目的，,15
给别人当牛做马、卑躬屈膝地下跪讨好都能做到，,0
这种人很可怕，,0
也不会轻易失败。,13
所以，,14
[ch-2]少爷和[ch-1]挑战了？,3
自己人过来有什么好问的？,4
苹果手机？,3
那确实是好东西，,0
但我为什么要买？,4
哪怕幻仙科技的手机很普通，,14
我也选择幻仙科技。,15
因为幻仙科技赚的钱全都投入研发了，,0
搞出来的癌康1号造福全人类！,0
大家多支持一下，,7
说不定幻仙科技连艾滋病什么的全都给攻克了。,10
她是[ch-2]的部下，,0
心里当然是向着[ch-2]的，,15
这叫盲目崇拜，,0
除非你真的亲手击败[ch-2]，,14
否则她永远会嘴硬！,15
我的闺女啊，,2
你还不明白吗，,4
[ch-3]家出了这档子事，,0
是想给[ch-0]冲喜，,0
我跟[ch-3]夫人聊过了，,0
她不嫌弃你之前的名声，,13
这是个难得的好机会，,0
[ch-2]也是同意的，,0
聘礼也不会少，,13
我和你说这聘礼可是价值连城，,0
比得上,13
[ch-1]，,1
我想买肉还有,0
[ch-1]，,1
你也看到了，,0
[ch-0]很喜欢你。,0
他和他爸爸一样，,13
不轻易动感情，,13
一旦喜欢了就会放不下。,14
我就问你一句话，,0
你对他真的没有半点感情了吗？,4
我想去一下洗手间。,9
最开始，,0
[ch-0]只派了一百多名工程师来，,0
圣光也只有五六百人参与厂房建设。,0
但中方突然决定搞什么会战，,15
从全国抽调技术骨干，,0
工程人员暴增到近五千。,0
[ch-0]，,1
你进攻的时候在罚球线持球，,0
把那个[ch-1]拉出来，,0
其他人在两侧打无球挡拆和空切，,0
这支开拓者队进攻很强，,0
但防守一般。,15
我要去学校了，,9
告诉我地址，,7
我自己过去。,9
[ch-0]，,1
我们赶紧走吧。,9
喂？,3
是的，,11
您自打得知[ch-3]太子还活着的消息后，,14
不就一直想着要让京城各族知道，,4
[ch-0]家有后吗？,3
是不是要晒？,3
喂？,3
[ch-0]总监啊？,3
姐姐是说，,0
那位[ch-1]姑娘的主子？,3
或许希望你去求她？,10
这里乱，,0
你先回去，,7
听话。,7
[ch-1]的爸爸。,1
朝廷？,3
王爷，,1
战争仍没有结束，,13
但离结束已经不远。,15
葡萄牙与西班牙交界，,0
荷兰亦是海上强国，,0
这两国不可能不与西班牙签约以讨要好处。,13
今天要上班吗？,3
诺！,11
能听到。,0
嗯？,3
欲加之罪何患无辞，,4
我在生活作风方面一向是严谨的。,0
我明白了。,11
那还用问，,13
马上全力推演。,7
医生！,1
是男孩女孩？,3
拍吧。,5
这样，,0
我们赌一次扣篮怎么样？,3
军事算什么东西？,3
读几本兵书，,0
耍些花枪，,0
都不如战场上、军营中熬几个月俺问你，,13
你现在四下看看，,0
能一眼分辨出俺们金国跟宋国的旗帜号令吗？,3
能心里估算出个兵力吗？,3
知道哪里该上弓矢，,3
哦了！,2
我身体不舒服，,13
先回房间了。,7
阁下是？,3
也不是什么急事儿，,13
回头打电话说吧，,7
我还有事，,0
先走了。,9
即便是举世闻名的[ch-0]神医，,14
也做不到四天就医好。,13
今天你不用整理家务，,13
这些就让保姆管家去做，,0
你换一套西装，,7
跟我去参加集团的家族会议。,7
没用的，,13
我们江城第一医院就算和国外的医院比，,14
也属于顶尖的层次，,15
换做任何[ch-0]来，,14
都只能摇摇头了！,15
现在怎么办？,3
我去几天就回来，,8
会很快。,8
[ch-1]你跟谁学的这些御权之术。,3
这世上还有我不明白的事情？,4
我们两家要是成了亲家，,14
你还能顺道看看你妹妹过得咋样。,15
等她气消了，,0
请大伙吃喜糖,8
看起来你对韧性天赋独此一例感到很欣喜，,0
难道[ch-0]你以为这是好事？,4
这个我也不好说，,13
不过，,14
[ch-0]对[ch-1]的态度倒是确实和对其他人不同,10
不要，,13
我觉得挺好玩的，,0
要多进几个挫挫东王爷的锐气，,5
看他还敢不敢在皇上你面前嚣张。,15
[ch-0]将军，,1
下官任职大理寺，,0
习惯推理案件。,0
以当时的情形，,0
很难相信，,13
[ch-0]公子不是故意的。,13
[ch-0]来了！,2
倘若我一开始就宣布了他的身份，,14
别人会怎么看待他呀？,3
我也是！,0
全都喝完了你也该死了，,0
放心吧！,8
[ch-0]。,1
啊，,2
这是个意外，,0
出院的时候不小心出了一场车祸，,0
还好，,0
没有伤及内脏。,13
是[ch-1]让我来的，,0
这是最新的指示，,0
您看一下，,5
如果没有什么问题的话，,14
就按照指示行事吧。,9
村里几乎都是[ch-0]姓，,0
就算不是一个祖宗出来的，,14
也都沾亲带故，,15
而且村里所有人都受过[ch-0]银的恩惠，,14
而这些官差都还不是罗江县本地的官差，,14
要瞒过他们很容易。,14
让你上次追我，,2
我的屁股好吃吗？,3
嗯？,3
哎，,1
调查到了，,0
那一批人是江城市当地的小混混，,0
命令他们的是个富二代，,0
[ch-0]家的大少爷，,0
来头不小，,0
冲着一个叫[ch-1]的人去的。,0
我是[ch-0]的亲生女儿。,0
嗯，,12
我没说，,13
不然宣扬出去，,14
估计会被别人当妖怪抓起来。,10
不过，,14
我编造了另一个身份。,0
这是我私人电梯，,0
只能到顶楼。,15
没问题，,13
额，,1
我这就去叫[ch-1]去！,9
你的意思是说，,0
[ch-1]殿下急着逼宫，,0
陛下却留恋王权，,0
无意退位。,13
所以为了抑制[ch-1]殿下，,14
所以把你推了上来，,15
让[ch-1]殿下忙着对付你，,0
而无暇分身窥视王位？,4
这林子里布了阵！,0
都跟紧本王了，,7
别走神！,7
刚才最后那个人明显就是因为回头看了一眼迷路了。,0
原因？,3
老师，,1
你还真敢想。,2
你们姑娘可跟你说了她为什么这么做吗？,3
一代拳王，,0
毫无还手之力。,13
不是不行，,13
只是效果会差很多。,15
哎，,2
神使别走啊！,5
谢谢。,0
我没有什么经济压力，,13
[ch-0]这个名字，,0
我希望能够传奇一些。,15
不对不对，,13
[ch-1]，,1
数量不对。,13
我.,0
我没有,13
明白了，,11
那就按照这样的计划行动吧。,9
把头发剪短，,0
他可能更喜欢些。,10
看，,7
他们的车是京城牌照，,0
该不会是京城的大人物吧！,10
有意见都出去吧！,7
那要不要把这根骨头还给他？,3
谢谢您,0
帮我？,3
这是堂主赚的，,0
要给也是给她。,0
都快跨省了。,0
那你们准备好，,3
毕业之后去哪工作了吗？,3
[ch-1]出了一首单曲，,0
壹华传媒给她出的。,0
呵，,1
那行！,12
你以为我是特地过来接你啊？,4
还不是首长让我等在这儿，,13
说你回来的第一时间，,0
就准时带过去见他。,15
现在才是真正考验中国队的时候。,0
我已经掌握了一些证据，,0
不过还需要你们的配合，,14
这里地形十分复杂，,0
如果不熟悉的话寸步难行，,14
迷了路没人救得了你们。,13
听起来很是复杂离奇的一个故事，,0
却直接改变了一个女人一生的命运。,0
诶，,2
是[ch-0]大少，,2
[ch-1]，,1
他给了我几百万，,0
托人让我从国外帮他找这株植物，,0
说说是用来玩，,0
我以为是。,0
六爷，,1
求您了！,6
四公主已经恨毒了奴才，,0
奴才若是继续留在她身边，,14
只怕是没有活路了！,10
您就只当可怜可怜奴才，,14
就收了奴才在身边做个婢女吧。,9
走？,3
当然，,14
最重要的是情绪和语言，,15
我知道自己有些笨，,14
所以练习了很多遍，,15
那种不甘、绝望、愤怒，,0
真的是演的太像了，,0
绝对是闻者落泪的水平，,15
你也就是当时不在场，,14
不然肯定会哭出来，,15
尤其是最后被打断经脉，,14
逐出山门时质,0
赔偿的事，,0
你说个靠谱的数字。,7
师祖是[ch-0]掌门，,0
怎么还能来做果成寺的住持？,4
好。,12
ok！,12
早。,12
你更需要。,0
好的先生。,1
[ch-0]老师那对方家长呢。,0
你······呵，,0
爸，,1
额，,0
这小子我没教育好，,13
让您看笑话了。,2
谢了，,0
兄弟。,1
现在我分配任务，,0
我这边由三个人发起邮件炸弹以及ddos攻击等暴力攻击方式，,0
降低对方服务器响应以及运算速度，,0
你们趁机攻击敌人多个角度的漏洞。,7
[ch-0]家前任园林[ch-1]，,0
拜见[ch-2]太子！,1
给他喝下。,7
不要一错再错，,13
回头还有路能走，,0
生活可以重新再来，,0
不是吗？,4
好啊，,12
三分钟，,0
给你消息，,8
哎[ch-0]，,2
能告诉我到底发生了什么事情了吗？,3
真的呀，,2
哥不会骗你的，,13
不过有个事实你得要知道，,14
那个[ch-0]啊他注定和你没缘分，,13
就算他来找你，,14
也不可能，,13
当然了，,14
他也找不到你，,13
你现在在宁城，,0
他怎么找你呀？,3
说吧！,7
懂。,11
可有人上门来闹事。,3
你别问那么多了，,7
你知道她住哪儿吗？,3
我想去看看。,9
额。,0
[ch-1]和[ch-0]的事情相信你也听说了，,1
[ch-2]少爷亲自点的名儿，,0
我们也没办法，,13
只能怪他喜欢错人了，,15
再说了，,0
你和[ch-1]关系难道很好啊？,4
我还以为你带阿姨去省城的医院看病呢。,13
她看着她的病情也不严重，,0
说不定可以治愈的。,10
早？,3
我.,0
小姐。,1
[ch-1]夫人呐，,1
我看事情。,0
熊就待在外面吧。,9
[ch-0]道友，,1
还请留步。,7
您要是资质愚钝之人，,14
那这世界上可就没几个人敢说是聪明人了。,15
只不过您老应该早年受到过重创，,14
加上身体被人下了一些封印所以才难以突破。,14
[ch-0]、[ch-2]？,3
你有多少预算？,3
几百万？,3
一，,0
你跟我走，,7
二，,0
你留在这，,0
你选哪一个？,3
我想让你同意，,0
让我娶[ch-1]！,0
我最多再给[ch-2]两年时间。,8
她两年内养好病，,0
怀上一胎，,0
我就再不说借腹生子的事。,13
如果她还是不能有孕，,14
哪怕给五弟下药，,14
也要给[ch-1]家留个种！,15
不过，,14
有些比较敏感的业务，,0
他也会通过深网的一款无痕聊天软件和我联系，,15
交易金额也走一个深网账户，,0
这次，,0
就是通过这种方式。,0
没受伤吧？,3
这里发生了什么？,3
幼稚，,0
也是单纯，,0
有时候保持单纯的心灵，,0
活得简单一些，,0
反而人生更自在。,15
不要说话，,7
全部抱头蹲下，,7
跟我们回去接受调查。,7
一切都可以重来，,0
只要你还有希望，,14
不管生活还是朋友，,15
而人生的每一次挫折，,14
都是旅途的下一站，,15
等一等，,0
也许还会有下一班车到来，,10
去看更美的风景。,0
是啊，,12
别担心，,8
你什么事都没有，,13
今天我们就可以回家了。,9
不会的！,13
饭菜我会做。,8
好好去审审那个嫌犯，,7
争取让他早点说真话。,7
是给少爷您补身子的，,0
这道骨鸡生地炖饴糖是专门补血的，,0
这道山楂枸杞煮牛肉，,0
是专门活血化瘀的。,0
总裁，,1
时间不多了。,0
我很快就回来，,8
你在下面等我一会。,7
好。,12
慢点吃，,5
喝点水，,5
给。,0
我来拜访[ch-1]，,9
这是一封介绍信。,0
老师，,1
您跟[ch-0]家族，,3
有什么恩怨啊？,3
我有把握，,0
大嫂，,1
这件事情因我而起，,0
让我来解决吧！,9
本座的责任，,0
就是把你送回去。,15
至于之后你要如何，,14
和本座无关。,13
但本座提醒你，,15
以后若是你想作死，,14
最好不要惊扰别人。,15
锡伯杜证明之战，,0
他已经具备nba主教练实力。,0
哦对了，,1
[ch-0]呢？,3
我。,0
如果被取消了，,14
你想怎么办，,3
我都照办！,15
我也正想跟你说这件事呢，,0
让你那两个朋友别干了，,7
由我出钱赔偿他们，,9
让他们尽管开口吧。,7
重新再来？,3
你们还有跟[ch-1]联系么？,3
忍是不可能的，,13
但打电话给你丈夫，,15
你觉得庄家会为了你跟华美集团作对吗？,4
不不不，,13
不是，,13
你的血很稀少，,0
我们医院非常需要，,0
我会向[ch-1]请求一个让您非常满意的价格，,8
就是有个小小的要求，,0
能不能答应我们呢？,3
既然这样的话，,14
今天的拳擂我看就没什么必要要办下去了！,13
你觉得那归墟的力量如何？,3
呵呵呵，,1
额，,1
明白明白了，,0
我会叮嘱好的，,8
那个[ch-1]要是敢用力，,14
我就把他开除喽！,15
我今天可能不能在家吃饭了。,10
惊扰到了你,0
我好像给你造成困扰了。,10
是我有眼不识泰山，,0
哥千万别生气。,5
嗯[ch-0]唔,1
[ch-0],1
不知何时，,0
她的脸近在咫尺，,0
呼出的气息喷在我唇边。,0
相公，,1
其实你可以一边解扣，,14
一边那什么的,0
相公，,1
这一生，,0
你只要我一个人，,14
对么？,3
当然是做夫妻间该做的事。,0
看也不过瘾呢，,13
要不，,3
我们直接做？,3
姐姐今天要好好教育一下不听话的弟弟了。,5
[ch-0]，,1
你爱我吗？,3
可以吗？,3
你就这么想要？,4
嗯？,3
姐姐的服侍还舒服么,3
不是胸，,13
耳朵比较敏感,0
喜欢吗？,3
之前的伪装，,0
已经全部撕开，,0
剩下的，,0
是毫不遮掩地关心。,0
让妈妈看看，,5
你有没有怎么样。,3
二姨娘，,1
你怎么样了？,3
手还痛吗？,3
要不要奴婢求求皇子妃给你请个大夫过来？,3
大热天的，,0
你穿这么厚会中暑的，,0
擦擦汗吧！,5
欸，,1
我好像听说，,10
你丈夫住进医院了，,0
怎么样，,3
伤势不要紧吧！,3
他们有没有伤害到你?,3
你先好好休息我去找他。,5
[ch-0]，,1
你醒了？,3
感觉怎么样？,3
哪里不舒服？,3
解药无所谓，,13
只要你没事就好。,14
爸，,1
您可算是回来了，,2
这一连都七八年没见您了，,0
您身子骨还好吧！,3
你别生气了。,7
没事的，,0
我看起来也就二十岁的样子嘛！,2
路漫漫就慢慢享受这时间，,0
不要去想太多没实现的,13
喂，,1
你，,1
你别哭了,7
儿子，,1
别听你妈的，,7
咱先好好的养伤。,9
不用准备，,13
马上到家了，,0
没事的，,0
昂。,1
[ch-0]，,1
病好了吗？,3
行了，,12
快去休息吧,9
别那么着急，,7
你昏迷了这么久，,0
不知道多少[ch-1]为你担心着急，,4
现在醒了，,0
就在家里多待几天。,9
[ch-0]，,1
我来背你吧？,3
